y_label,y_pred
1.0,0.9999690055847168
1.0,0.9999988079071045
0.0,0.8898708820343018
0.0,2.960368590265716e-07
0.0,3.5626108729758243e-09
0.0,3.932670022965823e-10
0.0,0.0024620885960757732
0.0,1.202068222738717e-08
1.0,0.6384153366088867
0.0,0.9595574736595154
1.0,1.0
0.0,0.999485969543457
1.0,0.9996697902679443
1.0,0.9998918771743774
1.0,2.041107505235118e-09
1.0,0.9998569488525391
1.0,1.0
1.0,0.2523912191390991
1.0,0.8151193857192993
1.0,1.0
1.0,0.9998548030853271
1.0,1.0
1.0,1.0
1.0,0.3070952296257019
1.0,0.9999985694885254
0.0,4.239704143316203e-09
0.0,1.1496996421556105e-07
0.0,5.9120385031974365e-08
0.0,0.9994385838508606
1.0,0.9996640682220459
1.0,9.723726543597877e-05
1.0,2.4973018298624083e-05
0.0,0.021148061379790306
0.0,0.9999998807907104
0.0,0.9772669076919556
1.0,1.0
0.0,0.9079001545906067
0.0,0.05296892300248146
1.0,0.9842309355735779
0.0,1.1491961160459141e-08
1.0,0.9999970197677612
1.0,0.9940430521965027
0.0,0.9559671878814697
1.0,5.684212283085799e-07
0.0,0.9961493015289307
1.0,1.0
1.0,0.9999469518661499
0.0,9.800072753307632e-09
1.0,0.00014004878175910562
1.0,0.9999995231628418
1.0,0.9992659687995911
0.0,0.9990633130073547
1.0,0.13885752856731415
1.0,0.9999998807907104
0.0,4.196630456337891e-12
1.0,0.0004577695217449218
0.0,2.70493796961091e-06
0.0,6.987453584489378e-12
1.0,0.9999585151672363
0.0,0.01105613261461258
0.0,9.561707328686886e-12
1.0,0.9999927282333374
1.0,0.017162160947918892
1.0,0.9999603033065796
1.0,1.0
1.0,0.9994848966598511
0.0,0.0003799776313826442
1.0,0.006759396754205227
0.0,0.0008951532072387636
0.0,0.9998154044151306
0.0,0.013435754925012589
0.0,0.00030200413311831653
1.0,0.46275606751441956
0.0,7.350123496507877e-07
1.0,1.0
1.0,0.0006679224316030741
0.0,1.0476468867773314e-12
1.0,0.9997988343238831
1.0,0.9999871253967285
1.0,1.3427796147880144e-05
1.0,1.0
0.0,2.3760710973874666e-05
0.0,0.04982373118400574
1.0,0.0010414484422653913
1.0,1.0
0.0,0.9048703908920288
1.0,1.0
1.0,0.9999997615814209
0.0,0.8858577609062195
1.0,1.0
1.0,0.9999910593032837
0.0,8.694949116261341e-08
0.0,0.20174849033355713
0.0,0.037083759903907776
0.0,3.0201349754399587e-10
0.0,0.04838503152132034
1.0,0.34063446521759033
0.0,6.033413768591345e-09
0.0,0.9999994039535522
1.0,0.9999585151672363
1.0,0.9999972581863403
1.0,0.9999996423721313
1.0,0.9999879598617554
1.0,0.9992048144340515
1.0,0.9999996423721313
0.0,7.779617838821196e-09
1.0,0.9999995231628418
1.0,0.9999017715454102
1.0,0.9979561567306519
1.0,0.9999933242797852
0.0,2.096490270275808e-08
0.0,0.9999979734420776
1.0,0.9999985694885254
0.0,0.01700558327138424
0.0,7.329631693253624e-13
0.0,6.509151551092884e-11
1.0,0.9999816417694092
0.0,0.9999997615814209
1.0,1.0
1.0,1.0
1.0,0.9999998807907104
0.0,5.6775619761140206e-09
0.0,7.079000170051586e-06
0.0,0.9999725818634033
0.0,1.0210618158271179e-12
1.0,0.7574319839477539
1.0,1.0
0.0,0.9327426552772522
1.0,0.9999998807907104
0.0,0.9860493540763855
0.0,1.0
0.0,2.1037450892436027e-07
1.0,4.1739681932995154e-07
0.0,0.9928559064865112
0.0,0.947144627571106
1.0,0.9999988079071045
0.0,0.004518839996308088
0.0,0.9405372142791748
1.0,0.9999879598617554
0.0,4.0694965719012544e-05
1.0,0.9999682903289795
0.0,1.4465780623140745e-05
1.0,1.0
1.0,0.9999545812606812
1.0,0.9999998807907104
0.0,7.690495067436132e-07
1.0,1.86245688382769e-05
1.0,0.4767274558544159
0.0,1.0
1.0,0.9999207258224487
0.0,2.3022543871320522e-08
1.0,0.7887067198753357
1.0,0.9998898506164551
0.0,3.306449070805684e-05
1.0,0.0016737872501835227
1.0,1.0
0.0,9.94475994957611e-05
1.0,0.9988605976104736
0.0,7.629982062828944e-11
1.0,0.9999964237213135
1.0,1.0
1.0,0.9998273849487305
1.0,0.281963050365448
0.0,3.8144637670711745e-08
1.0,0.9999984502792358
1.0,1.0
1.0,1.025011260935571e-05
0.0,0.9999951124191284
0.0,9.32505894724045e-09
1.0,0.9999970197677612
0.0,6.323689660803211e-08
0.0,7.076881047396455e-06
0.0,1.9271933524578344e-06
1.0,1.0
1.0,0.0004967168206349015
0.0,0.0005967091419734061
0.0,0.9832779765129089
0.0,5.094590349585815e-08
1.0,1.0
0.0,0.3576107323169708
1.0,0.9999998807907104
1.0,0.9898216724395752
1.0,0.9999946355819702
0.0,3.356485933636577e-07
0.0,6.1964477993115e-08
1.0,1.0
1.0,0.9999998807907104
0.0,0.00037024536868557334
1.0,0.9999995231628418
1.0,1.0
1.0,0.998706579208374
0.0,0.9999736547470093
1.0,0.9999943971633911
1.0,0.00038504108670167625
1.0,0.6046424508094788
1.0,0.9999998807907104
1.0,1.0
1.0,0.9999909400939941
1.0,1.0
0.0,4.502299361774931e-06
0.0,0.0018940521404147148
1.0,0.9999936819076538
0.0,0.9415585994720459
0.0,4.469923563232836e-12
0.0,1.385301175105269e-06
1.0,1.0
0.0,8.473877096548676e-05
1.0,0.005373737774789333
1.0,0.0788080170750618
0.0,4.5943759907629556e-09
1.0,0.9999805688858032
1.0,0.9999902248382568
1.0,0.9985995888710022
1.0,0.9999929666519165
1.0,1.0
1.0,1.0
1.0,0.9999809265136719
1.0,0.9999977350234985
0.0,0.0012488003121688962
1.0,1.0
1.0,0.9999998807907104
0.0,4.272237674740609e-07
0.0,1.8903074661125174e-08
0.0,2.984131164396331e-09
0.0,0.037684716284275055
1.0,0.9999998807907104
1.0,1.0
1.0,0.027695143595337868
0.0,0.6495836973190308
1.0,1.0
1.0,0.047299355268478394
0.0,5.39939833288372e-07
1.0,1.0
0.0,0.000909455877263099
1.0,0.0006185615784488618
0.0,0.08221273869276047
0.0,0.9996610879898071
1.0,0.9999992847442627
1.0,0.9999991655349731
1.0,0.9993487000465393
1.0,0.002610315103083849
0.0,1.706279388613563e-11
1.0,1.0
0.0,1.0
0.0,0.9999996423721313
1.0,0.15688441693782806
1.0,0.9999979734420776
1.0,0.9822096824645996
0.0,6.548989128773997e-11
1.0,1.629524376767222e-05
0.0,0.013963422738015652
0.0,0.9993283748626709
0.0,7.209808704916609e-12
1.0,0.9999998807907104
0.0,3.617739707806322e-07
1.0,0.9999793767929077
0.0,1.1391764198620535e-09
1.0,0.9999998807907104
0.0,0.7316586375236511
1.0,1.0
1.0,0.9998985528945923
0.0,2.3363078832661088e-11
1.0,0.9999953508377075
1.0,1.0
1.0,0.9999980926513672
0.0,0.0042698136530816555
1.0,1.0
0.0,3.587029695495403e-08
1.0,0.9999897480010986
0.0,0.049601960927248
1.0,0.9999415874481201
1.0,0.9999954700469971
1.0,1.8315380657440983e-05
1.0,1.0
1.0,0.0030607879161834717
0.0,0.9999837875366211
1.0,0.011283465661108494
1.0,0.6305135488510132
1.0,0.9999998807907104
0.0,0.8825949430465698
1.0,1.0
1.0,2.932457903170871e-07
1.0,6.445344524763641e-07
0.0,0.47185319662094116
0.0,5.12555727028019e-11
1.0,0.9999926090240479
0.0,9.519240017281157e-15
0.0,0.9996633529663086
1.0,0.9533635973930359
0.0,1.6440675381090841e-06
0.0,4.108726443519117e-06
0.0,0.059945058077573776
1.0,8.881636759383582e-09
1.0,0.999955415725708
0.0,4.066270875568989e-09
1.0,0.9999188184738159
1.0,1.0
0.0,7.516284483699565e-09
1.0,1.0
0.0,1.0
0.0,0.6438055038452148
0.0,0.6882613897323608
1.0,1.0
1.0,0.0026607797481119633
0.0,0.0008092830539681017
0.0,3.007941673516257e-10
1.0,1.0
1.0,1.0
0.0,4.865554501520819e-07
1.0,2.720027536540215e-09
0.0,0.9999979734420776
0.0,6.346209335816866e-09
1.0,0.9953293800354004
1.0,1.0
1.0,0.5917667746543884
1.0,0.3429883122444153
0.0,0.9976784586906433
0.0,6.131983099066929e-08
1.0,1.0
0.0,0.27003225684165955
0.0,6.147095055197838e-10
1.0,1.0
0.0,0.01766270585358143
0.0,7.211527872641454e-07
1.0,0.07166985422372818
1.0,0.9999970197677612
1.0,0.9999985694885254
0.0,4.088096829946153e-05
0.0,4.548842191809399e-09
1.0,0.9999994039535522
0.0,0.9996438026428223
1.0,1.0
1.0,0.9999799728393555
1.0,0.0034706294536590576
1.0,9.576601664451623e-12
1.0,0.42869633436203003
1.0,0.9906663298606873
1.0,0.9999990463256836
0.0,0.037496063858270645
0.0,0.999045193195343
1.0,1.0
0.0,0.061024367809295654
0.0,1.4977311835195906e-08
0.0,0.9701088666915894
1.0,0.9999997615814209
0.0,1.158612349172472e-06
0.0,0.678864598274231
1.0,0.938442051410675
0.0,1.797207827003433e-09
0.0,3.560209006536752e-05
0.0,0.9235467314720154
1.0,0.9999434947967529
1.0,0.999997615814209
0.0,1.822674122742285e-09
0.0,0.9828755855560303
1.0,6.201725045684725e-05
0.0,0.9377989768981934
0.0,5.7082492276094854e-05
1.0,0.9999992847442627
0.0,2.043305357801728e-06
0.0,0.9991798996925354
1.0,1.0
0.0,6.251599238282779e-09
1.0,0.9962568283081055
0.0,0.17629170417785645
1.0,1.0
0.0,0.9998145699501038
1.0,1.0
0.0,0.9999656677246094
0.0,0.9955071210861206
1.0,0.9995725750923157
0.0,1.3039959867455764e-07
0.0,0.9998918771743774
0.0,1.6228523236350156e-06
0.0,2.1531732841140183e-08
0.0,7.645164146197203e-07
1.0,0.9982024431228638
0.0,6.23946334599168e-08
0.0,1.0
1.0,0.9564880728721619
0.0,0.08766752481460571
1.0,0.992638111114502
1.0,0.9999994039535522
1.0,0.9999980926513672
0.0,7.504269206037861e-08
0.0,7.283643022049091e-09
0.0,0.997788667678833
1.0,0.9999606609344482
0.0,0.9999998807907104
0.0,0.1762593537569046
1.0,0.9996922016143799
0.0,1.4915817700966727e-05
1.0,1.0
0.0,2.9905891096859705e-07
1.0,0.9937984347343445
1.0,0.9986400008201599
0.0,0.0003241844824515283
1.0,1.0
0.0,1.0282906796020563e-13
1.0,0.9999954700469971
1.0,0.006346996873617172
0.0,0.7931297421455383
0.0,0.015224581584334373
0.0,0.004711810499429703
1.0,0.002990126609802246
0.0,0.008704733103513718
1.0,0.9999998807907104
1.0,0.9999998807907104
1.0,0.9972687363624573
0.0,0.01081883069127798
1.0,1.0
0.0,0.0002909484028350562
1.0,1.0
1.0,0.9998883008956909
0.0,0.020193228498101234
0.0,5.444414910016349e-07
1.0,0.9999563694000244
0.0,4.8324391599408045e-08
0.0,0.9315509796142578
1.0,1.0
0.0,0.0002389459841651842
1.0,0.11400996893644333
0.0,0.0007291769725270569
0.0,0.005394510459154844
0.0,6.666766444451966e-11
0.0,2.3549871457362315e-06
0.0,0.00036690282286144793
1.0,1.0
0.0,0.8302842974662781
0.0,5.751100573547774e-08
1.0,0.9999996423721313
1.0,1.0
0.0,0.1329886019229889
0.0,0.0027598512824624777
1.0,0.9999991655349731
1.0,1.0
1.0,0.9999988079071045
1.0,0.9937663078308105
1.0,4.075698961969465e-05
0.0,1.593036924596447e-09
0.0,1.9433221041254e-06
0.0,0.00022379157599061728
0.0,0.00031339647830463946
0.0,0.003032807959243655
1.0,1.8804569013042283e-09
1.0,0.6212789416313171
0.0,2.382438105996698e-05
1.0,0.9999678134918213
0.0,0.002557892119511962
0.0,9.793200916874412e-08
1.0,0.9999675750732422
1.0,0.9999727010726929
0.0,1.326993376293828e-10
0.0,1.0
0.0,1.0796974869720088e-08
0.0,0.9999289512634277
0.0,6.22106199443806e-07
1.0,0.9999998807907104
1.0,1.0
1.0,1.0
1.0,0.9999997615814209
1.0,2.3712871666248247e-07
0.0,0.0003497283614706248
0.0,2.7186499096387706e-07
0.0,6.3757279455955995e-09
0.0,1.3620840566552772e-10
1.0,0.9999972581863403
0.0,0.0006060685263946652
1.0,0.9999998807907104
1.0,0.9999988079071045
0.0,1.6283946706607821e-06
0.0,6.965226173605288e-10
1.0,0.9844433069229126
0.0,8.798982875646288e-09
0.0,6.046514417629156e-12
1.0,0.9806079864501953
0.0,1.4008881166205356e-08
0.0,0.999188244342804
0.0,1.0135286174772773e-06
1.0,0.9982905983924866
1.0,0.9999998807907104
1.0,0.9999979734420776
0.0,2.637101914615414e-08
0.0,6.899497293488821e-07
1.0,0.9999988079071045
1.0,0.9999938011169434
1.0,0.9999895095825195
1.0,0.9999994039535522
0.0,0.0006535974680446088
1.0,0.9999998807907104
0.0,0.004360253922641277
1.0,0.999998927116394
1.0,0.9987598657608032
1.0,0.9999161958694458
1.0,0.9999855756759644
1.0,0.04793811962008476
1.0,0.9896965026855469
1.0,0.01974106952548027
0.0,1.2319060438414908e-08
0.0,3.4747174595395336e-06
0.0,0.9601550698280334
0.0,0.8542602062225342
0.0,0.03152148425579071
1.0,0.09114484488964081
0.0,0.009188961237668991
0.0,3.5103737900499254e-05
1.0,0.9999998807907104
1.0,0.9999998807907104
0.0,8.609350743427058e-08
0.0,8.079800863924902e-06
1.0,1.0
1.0,1.0
0.0,0.3079005777835846
1.0,0.9999997615814209
1.0,0.9999998807907104
1.0,0.9999595880508423
1.0,1.0
1.0,0.9999972581863403
0.0,3.11399890051689e-06
0.0,0.0020102234557271004
1.0,0.9992654919624329
0.0,0.9822770953178406
0.0,0.6065428853034973
0.0,0.990744411945343
0.0,1.0302888995283865e-06
1.0,0.9993939399719238
1.0,0.9950820207595825
0.0,6.72839952156612e-12
1.0,1.0
0.0,0.05136610195040703
1.0,0.9999995231628418
0.0,2.2789323507692424e-16
1.0,0.0277054812759161
0.0,2.4938242404459743e-07
1.0,0.9999991655349731
1.0,1.0
0.0,1.4523064919558237e-06
1.0,0.9999761581420898
0.0,6.357508937071543e-07
1.0,0.9999991655349731
1.0,0.015246766619384289
0.0,5.093042415756088e-13
0.0,1.8815986990716738e-08
1.0,3.502880119299334e-08
1.0,0.9999997615814209
0.0,8.820880736948311e-08
0.0,1.918683212309702e-09
0.0,0.07445785403251648
1.0,0.9999998807907104
1.0,9.585332527706214e-09
0.0,0.0133677888661623
0.0,7.703179289819673e-05
1.0,0.9999972581863403
1.0,0.9999828338623047
1.0,0.9996753931045532
1.0,0.9996343851089478
0.0,6.499306891782908e-06
0.0,0.0014681302709504962
0.0,0.0007304647006094456
1.0,0.0020307928789407015
0.0,1.1652049984600676e-11
1.0,0.999975323677063
0.0,1.583948323968798e-05
0.0,0.0005951225757598877
0.0,2.517853545214166e-06
0.0,0.9999788999557495
1.0,0.9999985694885254
0.0,5.481830267495269e-11
0.0,0.9069409370422363
1.0,0.9999837875366211
1.0,0.9999998807907104
1.0,0.9999998807907104
0.0,2.7782573397416854e-07
0.0,0.9957261085510254
0.0,0.9933987855911255
1.0,2.5235819975932827e-06
1.0,0.031051812693476677
1.0,0.9999998807907104
0.0,0.9993614554405212
1.0,1.0
1.0,0.9992615580558777
0.0,0.00010993923933710903
1.0,1.0
1.0,1.0
1.0,0.9999717473983765
1.0,1.0
1.0,0.9999644756317139
0.0,0.9395259022712708
1.0,0.9999914169311523
1.0,0.0016831404063850641
1.0,0.9999998807907104
0.0,1.2754906492773443e-05
0.0,0.9917476177215576
0.0,0.6961751580238342
0.0,5.981156903089868e-08
1.0,0.999998927116394
0.0,0.9975396394729614
0.0,1.0131966377002755e-09
1.0,1.002606609290524e-06
0.0,0.11915024369955063
1.0,0.9999997615814209
0.0,0.2476421445608139
0.0,1.0
1.0,1.0879582987399772e-05
0.0,0.9090284109115601
1.0,0.9999972581863403
0.0,0.0036730500869452953
1.0,1.0
1.0,0.9999997615814209
0.0,0.9992743134498596
1.0,1.0
1.0,1.0
1.0,0.9999892711639404
0.0,1.2740930515064974e-06
0.0,5.5164709920063615e-05
1.0,0.30109649896621704
0.0,1.5442053609149298e-06
0.0,8.533769177421213e-12
0.0,0.9165216088294983
1.0,1.0
0.0,2.604216755436317e-12
0.0,0.02134166657924652
1.0,0.9999991655349731
0.0,0.0001643245341256261
1.0,0.9999992847442627
1.0,0.9999986886978149
0.0,0.8972687125205994
0.0,0.23598824441432953
0.0,0.013680892065167427
1.0,0.9989094734191895
0.0,0.9999808073043823
1.0,0.9999902248382568
1.0,0.9844240546226501
1.0,2.2739251903658442e-07
0.0,2.1851249130122596e-06
1.0,0.005530809052288532
0.0,4.2909100272936485e-08
1.0,1.0
1.0,1.0
0.0,0.9739136099815369
1.0,0.001009072526358068
0.0,0.0004834200954064727
0.0,1.0827034202520736e-05
1.0,0.999958872795105
1.0,0.9999997615814209
1.0,0.9999598264694214
1.0,0.9989148378372192
1.0,1.0
1.0,0.9999986886978149
0.0,0.0003791846102103591
0.0,4.3434906160655373e-07
0.0,0.9999872446060181
1.0,1.0
1.0,0.9936516284942627
0.0,0.10138438642024994
1.0,1.0
1.0,1.0
0.0,2.1712052330258302e-05
1.0,0.9999796152114868
1.0,1.0
1.0,6.689991338681978e-10
1.0,0.9997316002845764
0.0,0.6934245824813843
0.0,3.071592979964066e-11
0.0,0.9993661046028137
0.0,5.854595315213373e-07
1.0,1.0
0.0,0.010715668089687824
0.0,6.222966817404085e-07
1.0,0.0003448877250775695
0.0,2.370250939964791e-10
0.0,0.0002943685685750097
0.0,3.779286328331466e-10
1.0,0.7637758851051331
1.0,0.9999974966049194
0.0,3.5592890939260824e-13
0.0,1.9034128854400478e-05
1.0,1.0
0.0,0.09892494976520538
1.0,0.9994603991508484
1.0,0.9996651411056519
1.0,0.9999252557754517
0.0,0.9763364791870117
0.0,7.721784989200842e-09
0.0,7.948628990561701e-06
1.0,0.9999374151229858
0.0,9.8586701824388e-07
0.0,0.9999711513519287
1.0,1.0
0.0,4.709230227994965e-11
1.0,1.5679241016641754e-08
0.0,1.4169857127932506e-11
0.0,0.9493424296379089
0.0,9.47417007068907e-08
1.0,0.9999970197677612
1.0,1.0
0.0,3.361746348673478e-05
0.0,0.00010965319961542264
1.0,1.0
0.0,3.4077260352205485e-05
0.0,1.0
1.0,0.999998927116394
1.0,1.0
1.0,0.0007350006490014493
1.0,0.005853933282196522
1.0,0.9999994039535522
1.0,0.9999997615814209
0.0,0.9983595013618469
0.0,1.1590042049647309e-05
1.0,1.0
1.0,0.9672663807868958
1.0,0.9975367784500122
1.0,1.0
1.0,0.9999998807907104
1.0,0.986676812171936
0.0,1.880444821936774e-14
1.0,0.9999996423721313
0.0,0.9932490587234497
1.0,0.9999998807907104
1.0,0.9819874167442322
1.0,0.9999991655349731
0.0,1.206838397797708e-14
1.0,1.0
1.0,0.9999971389770508
1.0,1.0
0.0,8.417088537271411e-08
1.0,9.832185241975822e-06
1.0,0.9999955892562866
1.0,0.33225634694099426
1.0,1.0
1.0,0.9999997615814209
1.0,1.0
1.0,0.9999449253082275
1.0,0.9999997615814209
0.0,0.6560882329940796
0.0,0.9999929666519165
1.0,1.0
0.0,6.343534586505939e-09
0.0,0.8906895518302917
1.0,0.9866211414337158
0.0,3.5091943240139756e-11
1.0,1.0
0.0,3.302650611658464e-06
0.0,1.5473704024770996e-06
1.0,0.9999996423721313
0.0,1.4333271458610852e-08
1.0,0.9999964237213135
1.0,0.9996040463447571
0.0,0.1937645971775055
1.0,0.9999997615814209
1.0,0.9993314743041992
1.0,0.999995231628418
1.0,0.9999936819076538
0.0,3.1926472729537636e-05
0.0,3.87662991985227e-13
1.0,0.9907585382461548
0.0,8.512875737665127e-09
1.0,0.0442780926823616
0.0,0.0038897604681551456
0.0,2.900838236286063e-09
0.0,0.33272331953048706
1.0,0.9999916553497314
1.0,0.9945112466812134
1.0,1.0
1.0,0.9999992847442627
0.0,0.3179621994495392
1.0,3.388271579751745e-06
1.0,0.9999929666519165
0.0,0.9998897314071655
0.0,0.0013747736811637878
1.0,0.9999988079071045
0.0,1.5255555707582857e-09
1.0,0.9997438788414001
0.0,6.937567604836659e-07
1.0,0.9999994039535522
0.0,9.705687489258708e-07
0.0,1.0090363502968103e-05
1.0,0.9999953508377075
0.0,1.4815014992564102e-06
1.0,0.7792723178863525
0.0,0.0011179705616086721
0.0,6.296165366848072e-08
1.0,0.9993606209754944
1.0,0.9852961897850037
0.0,2.5508807084406726e-06
0.0,0.002550012432038784
1.0,0.9632719159126282
1.0,1.0
0.0,0.9994937181472778
0.0,0.8995178937911987
0.0,4.3110128444823204e-07
0.0,0.43713316321372986
1.0,0.9999858140945435
0.0,0.42877933382987976
1.0,6.436330295400694e-06
1.0,1.0
1.0,0.9999998807907104
1.0,2.484732476659701e-06
1.0,1.0
0.0,0.9901498556137085
0.0,0.6644970774650574
0.0,1.7570692989465897e-06
0.0,1.63491538151617e-14
1.0,1.0
1.0,1.0
0.0,0.866436779499054
0.0,2.526577835837429e-09
1.0,4.934348680762923e-07
0.0,0.0001231831993209198
1.0,1.0
0.0,0.021209342405200005
0.0,0.02415747568011284
0.0,4.025615908176405e-06
0.0,0.9988355040550232
1.0,0.0004833316197618842
1.0,0.999653697013855
0.0,3.584997898542497e-08
1.0,0.9999985694885254
1.0,1.0
0.0,0.5118186473846436
1.0,1.0
1.0,3.7212055303825764e-07
0.0,0.9344806671142578
1.0,1.0
1.0,0.9999998807907104
1.0,0.12812797725200653
1.0,0.03992040827870369
1.0,0.9999985694885254
0.0,4.9279574341198895e-06
1.0,0.999998927116394
0.0,9.536069156546034e-11
1.0,0.9999880790710449
0.0,0.16964145004749298
1.0,1.0
1.0,0.9889361262321472
0.0,0.002909539034590125
1.0,1.3594907386504929e-06
0.0,9.305483672505943e-08
1.0,1.0
0.0,9.310815585195087e-07
1.0,0.999995231628418
0.0,6.610454761357687e-08
1.0,0.9147500991821289
0.0,8.357629172062175e-11
1.0,0.9999921321868896
0.0,1.594712643188112e-12
0.0,2.016715267005864e-10
0.0,1.7788259754070168e-07
1.0,1.0
1.0,1.0
1.0,0.9999984502792358
1.0,1.0
1.0,1.0
1.0,0.9999992847442627
0.0,1.2183332120940804e-10
0.0,2.096289142272667e-09
0.0,0.6220862865447998
0.0,9.142568480058344e-09
0.0,1.17436266009463e-05
0.0,1.0
0.0,1.3143249509572907e-11
0.0,4.292330402222433e-07
0.0,0.00013808110088575631
0.0,0.7701555490493774
1.0,0.9999998807907104
1.0,0.9999775886535645
1.0,0.9998738765716553
0.0,0.9654178023338318
0.0,0.2117794156074524
1.0,0.9999995231628418
1.0,0.9999921321868896
1.0,0.9999988079071045
0.0,0.4455077648162842
0.0,8.967994290287606e-06
0.0,1.0
1.0,0.9999624490737915
1.0,1.0
1.0,1.0
0.0,0.0020285125356167555
1.0,0.9312683343887329
0.0,1.4726534937995763e-15
0.0,0.1672881841659546
1.0,0.9999995231628418
0.0,5.574354418058647e-07
0.0,5.651424999086885e-06
0.0,4.8430393029264e-09
1.0,0.9999995231628418
0.0,1.3065353107136884e-13
0.0,1.081953229231658e-07
1.0,1.0
1.0,4.761231321026571e-05
0.0,6.953769116080366e-06
1.0,0.9999775886535645
0.0,0.20332686603069305
0.0,3.185891910106875e-05
0.0,0.996517539024353
0.0,3.9300700471756045e-09
1.0,0.9708624482154846
0.0,1.3336399042399028e-12
1.0,0.522428572177887
1.0,1.2106887879781425e-05
0.0,0.00010817543079610914
1.0,1.0
0.0,8.567228178435471e-06
0.0,1.4898560948495287e-05
0.0,0.0019980338402092457
0.0,1.6391245305502622e-10
0.0,2.5937137593246007e-07
0.0,1.0
1.0,1.0
0.0,6.32430499081238e-08
1.0,0.9998522996902466
0.0,0.0015249229036271572
0.0,0.00015453377272933722
1.0,1.0
0.0,0.017146242782473564
1.0,0.6382399797439575
0.0,1.3294595459234504e-12
1.0,0.9998396635055542
1.0,1.845362751495827e-09
0.0,0.9807989001274109
0.0,1.880372061806605e-15
0.0,3.386800381122157e-05
0.0,2.5243634738103538e-08
0.0,0.0005060543189756572
0.0,0.9999850988388062
0.0,2.2439874611257515e-11
0.0,0.0001222699211211875
1.0,0.9999998807907104
1.0,0.999855637550354
1.0,1.773760573087202e-06
0.0,0.9963406920433044
0.0,2.7330593184160534e-06
1.0,1.0
1.0,0.999971866607666
0.0,0.07377205044031143
0.0,2.3720118406345136e-05
1.0,1.0
1.0,0.9968215227127075
0.0,7.59641030634306e-11
0.0,0.6843560934066772
1.0,0.999736487865448
1.0,0.9999904632568359
1.0,1.0
1.0,0.6928327679634094
0.0,8.439515659119934e-05
0.0,2.3139733684729435e-08
0.0,0.024965627118945122
1.0,0.9999971389770508
1.0,0.9999973773956299
0.0,1.119517705205908e-07
0.0,0.0006632449221797287
0.0,0.06306814402341843
1.0,0.9999940395355225
1.0,1.0
0.0,3.644170760708221e-07
1.0,1.0
1.0,0.9999998807907104
1.0,0.9999982118606567
0.0,1.2935994391227723e-06
0.0,2.6089655875694007e-05
1.0,0.9999997615814209
1.0,4.350359006366489e-08
0.0,0.279450923204422
1.0,1.0
0.0,1.6942076630499514e-09
1.0,1.0
0.0,2.8845667543464515e-07
0.0,1.0474675349314566e-07
0.0,0.9940310120582581
1.0,1.0
0.0,1.3773387763649225e-05
0.0,0.9999827146530151
1.0,0.9999986886978149
0.0,9.773584608296915e-09
0.0,8.812922835943482e-09
1.0,0.9995236396789551
0.0,1.0
0.0,2.284446720332567e-12
1.0,0.9999973773956299
0.0,0.9985390901565552
0.0,0.020608501508831978
0.0,0.04469487443566322
1.0,1.0
1.0,0.9999998807907104
0.0,0.007946071214973927
1.0,0.9710499048233032
1.0,1.0
1.0,1.0
0.0,0.9999995231628418
1.0,0.9959932565689087
0.0,0.4773760735988617
0.0,1.0624281315818607e-10
0.0,3.1275153365532826e-13
1.0,2.13012231142784e-06
0.0,5.710282039217418e-06
0.0,0.9861061573028564
1.0,0.012479910627007484
1.0,0.9999998807907104
0.0,0.03296584635972977
0.0,0.11721815913915634
0.0,2.610132110447694e-10
1.0,0.9999980926513672
1.0,1.0
1.0,0.9999980926513672
0.0,2.4889421183615923e-05
1.0,0.014231313019990921
0.0,1.0
0.0,5.42532734471024e-06
1.0,1.0
0.0,9.486480507803208e-07
0.0,0.9994968175888062
0.0,2.231915867401124e-11
1.0,0.9999974966049194
1.0,1.0
0.0,8.8235907469425e-08
0.0,0.8513392806053162
1.0,0.9999431371688843
1.0,7.261043037942727e-07
1.0,1.0
1.0,7.950672443257645e-05
0.0,1.7539365515517602e-08
1.0,0.9999622106552124
0.0,1.8650662241270766e-06
1.0,0.9999858140945435
0.0,0.9962253570556641
0.0,0.001090344274416566
0.0,2.5174045070741613e-09
0.0,0.9783318638801575
1.0,1.0
1.0,1.0
1.0,0.9885343909263611
1.0,4.867903044214472e-06
1.0,1.0
0.0,7.340282028034384e-12
1.0,0.9999985694885254
0.0,0.0009470924269407988
1.0,0.9999299049377441
1.0,1.0
1.0,1.0
1.0,0.9999997615814209
1.0,0.9999996423721313
1.0,1.0
0.0,1.3273840977490181e-06
1.0,0.999813973903656
0.0,2.029421921179164e-06
1.0,1.0
1.0,4.3252668807669536e-11
1.0,0.9999991655349731
1.0,2.1185101672926976e-08
0.0,1.2190966117486823e-05
1.0,1.0
0.0,0.961931049823761
0.0,0.0005653955740854144
1.0,0.9088869094848633
0.0,7.458206709998194e-07
0.0,0.9999973773956299
0.0,0.6770049333572388
1.0,0.9983131885528564
1.0,0.0002713061694521457
0.0,7.1630546472079e-07
1.0,0.9999998807907104
1.0,0.9999231100082397
1.0,1.9445110410742927e-07
1.0,1.4309553364455496e-07
1.0,1.0
1.0,0.8366860151290894
0.0,1.0878738062019676e-14
1.0,0.9999995231628418
0.0,1.7492207682323624e-10
0.0,8.885334779051846e-08
0.0,0.8795418739318848
0.0,0.0006501528550870717
1.0,1.0
0.0,1.0152602044399828e-05
0.0,0.00029313407139852643
1.0,0.9999991655349731
0.0,0.9865115880966187
1.0,0.731188952922821
1.0,0.9959743618965149
0.0,1.0483209678113781e-07
1.0,0.9994706511497498
0.0,0.00025897668092511594
1.0,0.9999969005584717
1.0,0.999992847442627
0.0,0.9997671246528625
1.0,1.0
1.0,0.9999591112136841
0.0,3.077866850276223e-08
0.0,6.261695489229169e-06
1.0,0.9999934434890747
1.0,0.9998441934585571
1.0,3.145260052406229e-08
0.0,2.3176074392949886e-09
0.0,4.6582893986624185e-08
1.0,0.9980583786964417
1.0,0.006493238732218742
1.0,1.0
0.0,0.6385532021522522
0.0,5.4146851447001154e-09
0.0,0.00036024590372107923
1.0,0.7472144961357117
1.0,1.0
0.0,0.9880167245864868
1.0,0.9999988079071045
0.0,0.0015549206873402
1.0,0.4222240149974823
0.0,0.003946604672819376
1.0,0.9996745586395264
0.0,0.0002869046584237367
0.0,4.73208716655904e-09
1.0,1.0
0.0,0.0038189180195331573
0.0,0.19768090546131134
0.0,0.0024704718962311745
0.0,0.9999994039535522
0.0,3.521854887367226e-05
0.0,8.086423690656375e-07
0.0,0.024928057566285133
0.0,9.679117647465318e-05
0.0,6.798771664762171e-06
0.0,2.1098228687125437e-13
1.0,1.0
0.0,0.00013093500456307083
0.0,0.9796623587608337
0.0,0.2739095389842987
1.0,0.9999980926513672
1.0,0.004575942177325487
0.0,3.8293823667601146e-10
1.0,1.0
0.0,3.6496860221502114e-12
0.0,0.6259443163871765
0.0,9.576538451128158e-10
1.0,0.9999967813491821
1.0,0.9999995231628418
1.0,0.9999996423721313
0.0,0.027813447639346123
1.0,0.9861899018287659
0.0,4.36077875198837e-11
1.0,0.9999971389770508
0.0,3.216803088434972e-05
0.0,0.0056139398366212845
1.0,0.9999898672103882
1.0,1.0
1.0,1.0
0.0,0.0003625701938290149
0.0,1.804295607144013e-05
1.0,0.9949177503585815
1.0,0.9958631992340088
0.0,0.00037345688906498253
0.0,8.188480569515377e-05
0.0,2.6182220835835324e-08
0.0,4.5392894776341564e-07
1.0,1.2838442382633172e-15
1.0,0.9998689889907837
0.0,1.0
1.0,0.997572124004364
0.0,0.14370279014110565
0.0,0.13125982880592346
0.0,0.00018043562886305153
0.0,0.31644943356513977
0.0,8.732311107451096e-05
1.0,0.9999912977218628
1.0,0.00012563809286803007
0.0,2.1836725863977335e-05
1.0,0.9999905824661255
1.0,0.9999998807907104
1.0,0.9999998807907104
1.0,0.9985878467559814
0.0,0.09636975824832916
0.0,1.6689224224819554e-08
1.0,7.671933401065534e-12
1.0,0.9994171857833862
1.0,1.0
1.0,0.999997615814209
1.0,1.0
0.0,2.2047564129934472e-07
0.0,0.031539250165224075
0.0,0.9999972581863403
0.0,3.280480243006423e-08
0.0,0.9812317490577698
1.0,0.9999998807907104
0.0,2.674584891337872e-07
0.0,0.0001616425724932924
0.0,0.07655801624059677
1.0,0.9999921321868896
1.0,0.9999978542327881
1.0,1.0
0.0,0.9386759400367737
1.0,0.0004673028888646513
0.0,4.971661837771535e-05
1.0,5.511241852218518e-06
0.0,0.9999250173568726
1.0,0.9545166492462158
1.0,0.9999998807907104
1.0,0.9999945163726807
0.0,0.9375935196876526
0.0,5.923104254179634e-06
1.0,0.9999991655349731
0.0,0.00010089538409374654
0.0,0.5129008293151855
1.0,1.0
0.0,0.9999936819076538
1.0,0.005967899225652218
0.0,7.215917463554433e-08
0.0,2.4894228345395675e-10
1.0,0.9999997615814209
1.0,1.0
0.0,2.808854333125055e-05
1.0,1.0
1.0,1.0
1.0,1.0
1.0,1.0
0.0,0.9999994039535522
0.0,0.016861869022250175
0.0,0.9766787886619568
1.0,1.0
1.0,0.9999992847442627
1.0,1.0
0.0,5.914293410569371e-07
1.0,0.9999996423721313
0.0,0.00013899710029363632
1.0,0.9999996423721313
1.0,1.0
0.0,0.8268089890480042
1.0,0.14931580424308777
0.0,1.4319500252213402e-08
1.0,0.9999995231628418
1.0,0.0392235703766346
1.0,0.9999991655349731
1.0,0.9999902248382568
0.0,7.570132853906841e-10
1.0,0.9976250529289246
1.0,0.9999971389770508
0.0,7.971478225954343e-06
1.0,0.9999982118606567
1.0,0.0002946235181298107
1.0,0.24608030915260315
1.0,0.9999809265136719
0.0,0.01530279777944088
1.0,1.0
0.0,7.319985589893108e-11
1.0,0.9185486435890198
1.0,0.9972596168518066
1.0,0.0018463395535945892
1.0,0.8291819095611572
1.0,0.9997143149375916
1.0,1.0
0.0,3.8626439824440695e-09
1.0,1.0
0.0,0.006842983420938253
0.0,6.369966332187005e-09
1.0,0.999963641166687
0.0,8.035861469579686e-07
0.0,0.023670703172683716
0.0,4.86807425967295e-12
1.0,1.0
1.0,0.9999996423721313
0.0,0.47849681973457336
0.0,0.00010044899681815878
1.0,0.9910786747932434
0.0,4.247263429846271e-09
0.0,0.9999924898147583
0.0,9.249139907296922e-07
1.0,1.0
1.0,0.9995245933532715
1.0,0.9999982118606567
0.0,2.990347303111207e-09
1.0,1.0
0.0,0.0160969290882349
0.0,1.4202944598196154e-08
1.0,0.9999998807907104
1.0,0.9999991655349731
0.0,0.024724271148443222
1.0,1.0
1.0,1.0
0.0,0.33389997482299805
0.0,3.4950491567542485e-07
0.0,5.98351846292644e-07
0.0,0.023958779871463776
0.0,0.9998859167098999
0.0,2.5974358663916064e-08
0.0,7.525682303821668e-05
1.0,1.0
0.0,0.0001212894931086339
0.0,0.0021289486903697252
0.0,4.0966282540466636e-05
1.0,0.9303703308105469
1.0,0.9999998807907104
0.0,4.085869136360998e-07
0.0,1.1505941301948042e-06
1.0,1.0
0.0,4.002798596047796e-05
0.0,1.7848867273073665e-08
1.0,0.9999994039535522
0.0,5.194313867917799e-10
0.0,1.6801270703581395e-06
0.0,0.0005867248401045799
1.0,0.9999854564666748
1.0,0.9999300241470337
0.0,7.357053299905658e-10
1.0,0.4343484044075012
1.0,0.29155871272087097
0.0,0.9959896206855774
1.0,0.7069584131240845
0.0,6.9478471864670155e-09
0.0,3.2593056857876945e-06
1.0,0.999997615814209
1.0,0.9999089241027832
0.0,0.0031866661738604307
1.0,0.9999996423721313
1.0,0.9999995231628418
0.0,0.10961145162582397
0.0,3.632875973380578e-07
1.0,0.0014208690263330936
0.0,0.19670569896697998
0.0,2.748478701575241e-11
0.0,0.007710703648626804
0.0,9.434779713046737e-06
0.0,0.0001996980863623321
0.0,0.12277889996767044
0.0,3.587094852264272e-07
0.0,5.65072866720584e-07
0.0,0.0008032137411646545
1.0,0.9999996423721313
0.0,4.851561357099854e-07
0.0,0.0662398412823677
1.0,0.001700529013760388
0.0,6.009658881644953e-10
1.0,0.9999992847442627
1.0,0.999778687953949
0.0,0.1539643555879593
1.0,0.9999986886978149
0.0,3.8936704555014856e-11
1.0,1.0
0.0,1.7402629737262032e-07
1.0,1.0
1.0,0.9918639659881592
1.0,0.9999998807907104
1.0,0.9999995231628418
0.0,1.2794600934284972e-09
1.0,0.9999978542327881
0.0,0.5442197918891907
1.0,1.0
0.0,0.7887399792671204
0.0,0.9999997615814209
0.0,0.00026919410447590053
1.0,0.9999880790710449
0.0,0.3784097135066986
1.0,0.9999977350234985
0.0,0.0016771514201536775
0.0,0.007568711880594492
0.0,1.046100464918709e-06
0.0,0.9999085664749146
1.0,1.0
0.0,1.674061786616221e-05
1.0,0.9999750852584839
0.0,0.001345739932730794
0.0,1.7236986837865231e-10
1.0,0.9999964237213135
1.0,1.0
1.0,0.9999998807907104
0.0,8.03997934895051e-08
1.0,0.9999902248382568
1.0,1.0
0.0,0.0011405118275433779
0.0,0.9796026945114136
0.0,1.4546822058036923e-05
1.0,0.9999724626541138
0.0,1.3468542420014273e-05
0.0,1.2256995432835538e-05
0.0,9.94951787625098e-10
1.0,0.9969758987426758
0.0,0.9697986245155334
1.0,1.0
1.0,0.00014927552547305822
0.0,0.999466598033905
0.0,0.00821774173527956
1.0,0.9946436882019043
1.0,0.9969095587730408
0.0,1.7184849029905358e-11
0.0,8.517538390151458e-07
1.0,1.0
1.0,0.9996482133865356
1.0,0.9999998807907104
1.0,0.003911065869033337
1.0,0.857774019241333
0.0,6.275815849221544e-06
0.0,6.260389682211098e-07
0.0,3.7907540217929636e-08
1.0,0.8883443474769592
0.0,0.9999502897262573
0.0,0.9989306330680847
0.0,0.9365363717079163
0.0,0.014971023425459862
0.0,5.6665689044166356e-05
1.0,1.0
1.0,0.9951725602149963
0.0,3.2035117614181985e-11
0.0,1.0299801942892373e-05
1.0,1.0
1.0,0.9854685664176941
0.0,0.2790154218673706
0.0,2.1459796439859957e-10
0.0,0.9999948740005493
0.0,5.04556929570299e-09
1.0,0.9999966621398926
0.0,1.4176047488656529e-11
0.0,0.7850518822669983
1.0,0.999984860420227
1.0,1.0
1.0,0.9999701976776123
0.0,0.01787390001118183
0.0,0.9999926090240479
1.0,7.995667692739516e-05
0.0,0.00014455577183980495
1.0,0.36751893162727356
1.0,1.0
1.0,0.9998786449432373
1.0,0.9999861717224121
0.0,0.9971228241920471
0.0,0.7718865871429443
1.0,0.9996360540390015
0.0,3.9500409887427423e-11
0.0,0.9976630210876465
0.0,1.0776836489867492e-07
1.0,0.999994158744812
1.0,1.0
0.0,0.10856138914823532
0.0,2.025126804028332e-07
1.0,0.5785298943519592
0.0,7.027410174487159e-05
0.0,3.35907748194586e-06
0.0,2.0700160335840323e-11
0.0,3.561462680323757e-09
0.0,0.0021472035441547632
0.0,0.9999951124191284
1.0,1.0
1.0,0.9999998807907104
1.0,1.0
0.0,0.0007794340490363538
1.0,0.9999991655349731
1.0,0.8445391654968262
1.0,1.0
1.0,0.9999490976333618
0.0,2.0615949836155778e-08
1.0,0.9999998807907104
0.0,7.29628936824156e-06
0.0,0.9961180686950684
1.0,0.999998927116394
0.0,5.144122461331335e-09
0.0,0.1587696224451065
1.0,0.9999960660934448
0.0,5.366883488022722e-05
0.0,5.913656231371078e-10
1.0,0.9533864259719849
0.0,0.06422487646341324
0.0,7.985921819664288e-12
0.0,6.966727195134581e-10
1.0,1.0
0.0,0.0007152514881454408
0.0,6.296630328250785e-09
1.0,0.9999998807907104
0.0,0.0015520155429840088
0.0,5.5494947446277365e-06
1.0,1.0
1.0,1.0
0.0,0.1009216234087944
1.0,0.9999934434890747
0.0,2.104180930473376e-05
0.0,0.9792525172233582
0.0,0.3710964322090149
0.0,0.0007031235727481544
1.0,0.9994853734970093
0.0,4.927027111989446e-05
0.0,8.333906481583497e-12
1.0,0.0025456983130425215
1.0,0.911769449710846
1.0,1.0
1.0,0.9485896825790405
1.0,0.9999998807907104
1.0,0.5050037503242493
1.0,1.0
0.0,1.7315501463222027e-11
0.0,0.6654017567634583
1.0,1.0
1.0,0.9999972581863403
1.0,0.9999232292175293
1.0,0.999962329864502
0.0,0.000127153325593099
0.0,0.007812191732227802
1.0,0.9999973773956299
0.0,2.033116253130629e-08
0.0,0.0004529606958385557
0.0,0.9997112154960632
1.0,0.998927891254425
0.0,4.429502041602973e-06
1.0,0.9973796606063843
1.0,2.9341418894546223e-07
0.0,2.5581931017981674e-10
1.0,0.9999995231628418
1.0,0.9999998807907104
1.0,1.048528042169039e-09
1.0,1.0
1.0,0.999950647354126
0.0,2.3537829463293747e-07
1.0,1.0
1.0,9.38594967010431e-05
1.0,1.0
0.0,1.3099602999555593e-11
0.0,9.440320432926169e-14
1.0,4.523391908151098e-06
0.0,3.67992786308273e-14
1.0,1.0
1.0,1.0
0.0,1.1256279321969487e-05
1.0,1.0
0.0,0.7891252636909485
0.0,3.156429284612017e-10
0.0,0.01023442018777132
1.0,0.998976469039917
1.0,1.0
0.0,1.0518355963995418e-08
0.0,0.9997426867485046
1.0,0.9999998807907104
0.0,1.6377605049910926e-08
1.0,0.11145638674497604
1.0,0.009089197963476181
1.0,0.9297985434532166
1.0,1.0
1.0,0.9999998807907104
0.0,0.00023482866527047008
0.0,3.416104300413281e-05
1.0,0.9131462574005127
0.0,0.002570341108366847
1.0,0.8514256477355957
0.0,4.5012046030024067e-05
1.0,0.9664084315299988
1.0,1.8242131773149595e-05
0.0,0.13902629911899567
1.0,1.0
0.0,0.00036890286719426513
1.0,0.9999995231628418
0.0,2.0295785451568404e-12
1.0,0.9997856020927429
1.0,0.9999984502792358
1.0,1.0
1.0,0.9997674822807312
0.0,0.9869453310966492
0.0,1.2864544096657937e-08
1.0,1.0
1.0,0.7856191992759705
0.0,3.348605787323322e-06
0.0,5.920097464695573e-05
1.0,0.9999958276748657
1.0,0.9999997615814209
0.0,0.00817838590592146
1.0,1.0
0.0,0.9906125068664551
0.0,4.054980308865197e-06
1.0,1.0
0.0,0.9989675283432007
1.0,0.03164822980761528
1.0,1.0
1.0,0.9998959302902222
0.0,2.221934067847542e-07
1.0,1.0
0.0,0.0001608395396033302
1.0,1.0
1.0,1.0
0.0,2.582312419452393e-10
1.0,0.9999796152114868
0.0,0.20089313387870789
0.0,1.5968073512340197e-06
0.0,0.00018244487000629306
1.0,0.12106864154338837
1.0,0.9972328543663025
1.0,6.184268386277836e-07
1.0,1.0
1.0,0.9999794960021973
1.0,0.005926929414272308
1.0,0.9999988079071045
0.0,0.017844993621110916
0.0,0.012284193187952042
1.0,1.0
0.0,0.037206877022981644
1.0,0.9284073710441589
1.0,0.9999948740005493
0.0,0.0003428407944738865
0.0,0.9988089799880981
0.0,6.046947387261525e-10
1.0,0.9889794588088989
0.0,0.6519390344619751
0.0,1.5473533912513382e-12
1.0,0.9999998807907104
1.0,1.0
1.0,1.0
0.0,5.801549036732467e-07
1.0,0.8635761141777039
1.0,0.9999994039535522
1.0,0.9999967813491821
1.0,1.0
0.0,7.055935566313565e-05
1.0,0.6567687392234802
1.0,1.0
0.0,0.0014477148652076721
1.0,1.0
1.0,0.9999693632125854
1.0,1.0
0.0,0.9553302526473999
1.0,1.0
0.0,2.334497484213216e-09
0.0,0.9786885976791382
1.0,0.0006188891711644828
0.0,3.377585380803794e-05
1.0,0.9999992847442627
0.0,0.2459842562675476
0.0,1.7386141415443035e-09
0.0,4.571962364252613e-09
0.0,3.013793659079056e-10
1.0,0.999873161315918
0.0,5.98052906752855e-07
1.0,0.9999955892562866
1.0,1.0
0.0,0.962464451789856
1.0,0.9999972581863403
1.0,1.0
0.0,7.95348114479566e-06
0.0,1.8127181533600378e-08
1.0,1.0
0.0,0.9983875751495361
1.0,1.0
0.0,1.5103246653325186e-08
0.0,0.999772846698761
0.0,1.3249542088478172e-11
0.0,2.4324069234499257e-12
1.0,0.9999963045120239
0.0,7.295130188822441e-08
1.0,0.9994620680809021
0.0,0.9989486336708069
1.0,0.0016491925343871117
0.0,2.714569563057323e-13
1.0,0.9649524092674255
0.0,6.439612576514264e-08
1.0,0.9999998807907104
1.0,0.9999998807907104
1.0,0.9999986886978149
1.0,0.9999991655349731
1.0,1.0
1.0,0.9999992847442627
0.0,3.8914896305364266e-10
1.0,1.0
1.0,1.0
0.0,0.9856365919113159
0.0,0.999767005443573
0.0,1.8467577727471207e-12
0.0,2.035156931867732e-08
0.0,0.9808636903762817
1.0,0.9992964267730713
0.0,1.5277926493362237e-12
1.0,0.9904828071594238
1.0,1.0
0.0,0.9783143401145935
1.0,1.0
1.0,0.9982932209968567
0.0,1.1676823952200266e-09
1.0,0.42676809430122375
0.0,0.9148734211921692
1.0,1.0
1.0,0.9995967745780945
1.0,1.0
0.0,0.009707647375762463
1.0,1.0
1.0,6.7981686697748955e-06
0.0,0.014536508359014988
1.0,0.9406012892723083
1.0,0.9993886947631836
0.0,0.0004377690493129194
0.0,1.5643820461264113e-06
1.0,0.9999834299087524
1.0,0.9999988079071045
0.0,5.616557609755546e-05
1.0,1.0
1.0,0.9999997615814209
1.0,0.9867781400680542
0.0,0.0012398249236866832
1.0,1.0
1.0,1.0
1.0,0.9999998807907104
0.0,1.2070064485669718e-06
1.0,1.0
0.0,0.0002850349119398743
1.0,0.37407687306404114
1.0,0.9999865293502808
1.0,9.510125664746738e-08
1.0,1.0
0.0,2.746921090590604e-08
1.0,0.0059708841145038605
0.0,0.7139493227005005
0.0,7.990519357292669e-09
1.0,1.0
0.0,1.0019576140996023e-10
1.0,1.0
1.0,0.999998927116394
1.0,0.9999967813491821
1.0,1.0
0.0,1.880804632037325e-07
0.0,0.004249176476150751
1.0,1.0
1.0,0.9999935626983643
0.0,0.0007850982947275043
0.0,0.00022867297229822725
0.0,0.9628300666809082
0.0,7.626283604622586e-08
1.0,0.9920449256896973
1.0,0.9999995231628418
0.0,2.0113812837507794e-08
1.0,0.8803262710571289
0.0,1.4347459398322826e-07
1.0,0.6746842265129089
0.0,2.1116741688587126e-10
0.0,0.9720902442932129
0.0,4.677865035773721e-06
1.0,1.0
1.0,0.0001624684955459088
1.0,1.293180957873119e-07
0.0,2.8437077048693027e-07
0.0,3.7812475056853145e-05
1.0,0.00015327450819313526
0.0,0.9276517033576965
0.0,0.0008815511246211827
0.0,1.247037806351159e-09
1.0,5.564759417153731e-11
1.0,0.8686977028846741
1.0,1.0
0.0,1.6295862792503613e-07
0.0,2.4545354193605817e-08
0.0,0.9994792342185974
0.0,0.6405285596847534
0.0,1.9328754206071608e-06
1.0,1.0
1.0,0.05071002244949341
1.0,0.9999994039535522
0.0,0.9801514148712158
1.0,1.0
1.0,1.0
1.0,0.9999861717224121
0.0,1.4580782590201125e-06
0.0,0.00011056056246161461
0.0,0.9999314546585083
1.0,0.9999994039535522
1.0,0.867716372013092
0.0,0.8932300209999084
1.0,3.8708691363353864e-08
0.0,0.002662068232893944
1.0,0.999997615814209
1.0,0.9999986886978149
0.0,3.860853858839164e-09
1.0,7.811455361661501e-06
1.0,0.9998418092727661
1.0,0.999941349029541
0.0,0.0006874455139040947
0.0,0.0029413735028356314
0.0,4.177748813560811e-09
0.0,1.4133001968730241e-06
0.0,4.8683720166309286e-08
1.0,1.9412145775277168e-05
1.0,1.0
0.0,0.6410818099975586
0.0,0.005184265319257975
0.0,5.593552145910508e-07
0.0,0.8831189274787903
1.0,8.626887506579806e-07
0.0,1.6006983116767515e-07
0.0,0.9950226545333862
0.0,8.642543902759314e-10
0.0,2.5671389384911147e-13
1.0,0.9999947547912598
0.0,0.2360597550868988
0.0,0.9999042749404907
0.0,1.1198615819385527e-11
0.0,0.00031008414225652814
1.0,1.0
1.0,1.0
0.0,5.459896076920323e-11
1.0,9.214858209816157e-08
0.0,3.8959461790000205e-07
1.0,1.0
1.0,0.9999998807907104
1.0,1.0
1.0,1.0
1.0,0.9959004521369934
0.0,7.26840880815871e-08
1.0,1.0
1.0,1.0
1.0,0.9999998807907104
0.0,1.8441452809270231e-09
1.0,1.0
0.0,4.3153986785914034e-13
1.0,0.9999996423721313
1.0,0.9999998807907104
0.0,7.289784116437659e-05
1.0,0.9999995231628418
0.0,1.0338907681373133e-11
1.0,0.9999622106552124
0.0,0.9595013856887817
0.0,0.009282007813453674
1.0,0.9999598264694214
0.0,0.0002551348297856748
0.0,0.20005875825881958
0.0,4.787741403333712e-08
0.0,0.03583156317472458
1.0,0.9999803304672241
0.0,1.2945004073117161e-06
1.0,1.0
1.0,0.11357448995113373
1.0,0.9999924898147583
1.0,0.999845027923584
1.0,1.0
0.0,0.9428747892379761
1.0,1.0
0.0,0.000157822243636474
0.0,0.39272040128707886
0.0,6.192884111273723e-18
1.0,0.9998125433921814
1.0,0.9999992847442627
0.0,1.8241661337015103e-07
1.0,0.9993525147438049
1.0,1.0
0.0,0.4065970480442047
1.0,0.9987329840660095
0.0,1.0882724836847046e-06
0.0,3.5039054990804175e-10
0.0,3.8138316540425876e-06
0.0,6.915280437169713e-07
0.0,0.005962210241705179
1.0,0.9999997615814209
1.0,0.9999996423721313
0.0,0.9999986886978149
0.0,9.819086516094089e-12
1.0,0.0011102230055257678
1.0,0.9999998807907104
0.0,2.8153363018645905e-06
1.0,1.3055919225735124e-05
0.0,0.006200158037245274
1.0,0.9999747276306152
0.0,2.9857019399059936e-05
1.0,0.21647962927818298
0.0,0.9975777268409729
0.0,5.9329209761926904e-05
1.0,0.9999994039535522
1.0,0.9999997615814209
0.0,2.6915420676232316e-05
0.0,0.9954389929771423
1.0,0.000608506437856704
1.0,0.4776524007320404
0.0,2.6810567099744276e-09
1.0,1.0
0.0,0.9999951124191284
1.0,0.9999983310699463
0.0,0.9516040682792664
1.0,1.0
1.0,0.9999473094940186
0.0,0.1142028197646141
0.0,8.907733928253947e-08
1.0,1.0
0.0,5.700888505089097e-05
1.0,0.9999946355819702
1.0,0.9999991655349731
0.0,0.00017840394866652787
0.0,0.00037817834527231753
0.0,0.9953513145446777
0.0,7.88189299782971e-06
1.0,1.0
0.0,0.0016931002028286457
0.0,4.49748883968315e-11
1.0,1.0
0.0,0.06196394935250282
0.0,3.622093061039777e-07
1.0,0.036062851548194885
1.0,0.999998927116394
0.0,0.9994022846221924
0.0,0.999988317489624
0.0,6.816212871907368e-11
0.0,0.9991388320922852
1.0,0.5045905113220215
1.0,1.0
0.0,1.0320191279333812e-07
0.0,0.16066057980060577
0.0,4.4431569534708615e-08
0.0,0.06808827072381973
1.0,5.425382596513373e-07
1.0,5.2444163884501904e-05
0.0,0.9998733997344971
1.0,0.8135280013084412
0.0,0.0018439904088154435
1.0,0.9999581575393677
1.0,0.9999881982803345
0.0,0.9997462630271912
1.0,0.9999998807907104
0.0,2.985578717584758e-08
1.0,1.0
0.0,0.001287314691580832
0.0,0.0007116012275218964
1.0,0.9999998807907104
0.0,0.9999978542327881
0.0,0.0002438567898934707
0.0,7.857284600731873e-08
1.0,0.9999253749847412
1.0,0.999799907207489
1.0,0.9999247789382935
1.0,0.2595721483230591
1.0,0.00018651611753739417
1.0,0.6480066180229187
0.0,0.00012879399582743645
0.0,0.9967443943023682
1.0,0.0001571740722283721
0.0,2.886712813232606e-10
0.0,0.008206126280128956
1.0,0.9999914169311523
1.0,0.9996289014816284
0.0,5.491183765116148e-05
0.0,4.727548647692759e-13
1.0,0.9999983310699463
0.0,3.3898422771017067e-06
0.0,0.0003025266050826758
1.0,1.0
1.0,0.9999991655349731
1.0,0.9999769926071167
0.0,0.0008195989648811519
0.0,3.501887840684503e-05
1.0,0.9313937425613403
1.0,0.9999998807907104
1.0,0.00010461927013238892
1.0,0.18105380237102509
1.0,0.9999994039535522
0.0,0.9997147917747498
1.0,0.9999992847442627
1.0,1.0
0.0,2.3606378363183467e-06
1.0,0.9999951124191284
1.0,0.9984024167060852
1.0,0.9999978542327881
0.0,2.477115401688934e-08
0.0,4.972964120497636e-07
0.0,4.728895873995498e-06
0.0,2.9318054060867293e-12
0.0,0.9142642617225647
1.0,0.9973846077919006
0.0,0.05019741132855415
1.0,0.9999991655349731
0.0,1.1391045884323603e-09
0.0,0.9999996423721313
1.0,1.0
1.0,9.490791796906706e-08
0.0,1.234911950476203e-09
0.0,0.001421811175532639
1.0,0.9999990463256836
1.0,0.9999972581863403
0.0,5.204250919099707e-10
0.0,0.0005943235591985285
0.0,2.902650862723899e-11
0.0,3.050101682333661e-08
0.0,3.92552301775595e-09
1.0,0.9999998807907104
1.0,0.00029311591060832143
0.0,1.0771087494143572e-10
1.0,0.9915169477462769
1.0,0.9999997615814209
0.0,0.9999959468841553
1.0,0.021701807156205177
1.0,0.9999992847442627
1.0,0.9997798800468445
1.0,0.9999935626983643
0.0,2.3520566173829138e-05
1.0,0.9999995231628418
1.0,1.0
1.0,1.0
1.0,0.9999995231628418
0.0,9.987363824848217e-08
0.0,0.992293119430542
1.0,8.237941884203792e-09
0.0,4.683596159793524e-07
0.0,9.783003740437834e-09
1.0,0.9999912977218628
1.0,0.7073713541030884
0.0,2.4055717062765325e-07
1.0,0.9588286876678467
0.0,1.596085610344744e-07
0.0,0.00040715548675507307
0.0,0.0001529209257569164
0.0,0.6377358436584473
1.0,1.0
1.0,4.640558927349048e-06
0.0,6.101793042034842e-05
0.0,1.5330484104403297e-10
0.0,1.2834612261869438e-09
1.0,0.9915581941604614
0.0,0.04450753703713417
0.0,0.903572678565979
0.0,0.03630556911230087
1.0,0.9999988079071045
0.0,0.3394280970096588
0.0,4.834983968748929e-08
1.0,0.999923825263977
0.0,6.029714227917538e-11
1.0,1.0
0.0,2.919743335993985e-10
0.0,0.5799679160118103
0.0,7.76557271819911e-07
1.0,0.9999996423721313
1.0,0.1970042735338211
0.0,1.630977131128475e-08
1.0,0.9999920129776001
1.0,1.0
1.0,0.9256781935691833
0.0,1.3549854571692777e-08
1.0,0.9999998807907104
0.0,0.6607751846313477
0.0,0.633242130279541
1.0,0.9999998807907104
0.0,0.9513407945632935
0.0,0.04436687380075455
1.0,0.02108081616461277
0.0,0.010656763799488544
1.0,0.9999949932098389
0.0,0.9872516393661499
0.0,0.9999969005584717
1.0,1.0
0.0,4.6090229943729355e-07
1.0,0.9999998807907104
0.0,8.829952093947213e-07
0.0,0.027141014114022255
1.0,0.9999902248382568
1.0,0.07634103298187256
1.0,0.9999948740005493
0.0,3.3049977901100647e-06
0.0,2.8708336685667746e-06
1.0,0.4091763496398926
1.0,1.3859108548786025e-05
0.0,0.024071166291832924
0.0,1.0537398338783532e-05
1.0,0.21090839803218842
1.0,0.017942197620868683
1.0,0.9982214570045471
1.0,1.0
1.0,0.011959649622440338
1.0,1.0
0.0,3.0271187370090047e-06
1.0,0.9999982118606567
0.0,0.26933300495147705
0.0,0.00030441125272773206
1.0,0.999092698097229
1.0,1.0
1.0,0.0002658987359609455
0.0,8.654395600160569e-08
0.0,8.24374873920064e-11
0.0,0.003025599056854844
0.0,0.4570266604423523
0.0,5.223478333898912e-12
0.0,2.7134796255268157e-05
0.0,1.1306330982563395e-08
0.0,9.225691144365555e-08
1.0,1.0
1.0,0.7152091264724731
0.0,1.1134385204059072e-05
0.0,4.677364700000908e-07
0.0,0.9999969005584717
0.0,1.3224383810239715e-09
0.0,7.553005096361254e-12
0.0,1.268181108571298e-06
1.0,0.9999768733978271
1.0,0.9991229176521301
1.0,1.0
0.0,1.6270535266316166e-11
1.0,0.9999607801437378
1.0,0.9996215105056763
1.0,0.9998201727867126
1.0,0.9999995231628418
0.0,0.000618309888523072
1.0,1.0
1.0,0.9999996423721313
1.0,0.9872109889984131
0.0,2.2227935637941787e-12
0.0,1.3226884902906022e-06
0.0,0.6446111798286438
0.0,1.9986550608974696e-11
0.0,0.9695178866386414
0.0,0.95392906665802
1.0,1.0
1.0,0.9998522996902466
0.0,0.9997103810310364
0.0,0.9851751923561096
1.0,0.9854040741920471
1.0,1.0
0.0,1.693155172688421e-05
0.0,2.53647119584019e-13
1.0,1.0
1.0,1.0
1.0,0.9999716281890869
1.0,0.9998639822006226
0.0,0.24230873584747314
1.0,0.9999995231628418
1.0,0.9999839067459106
1.0,0.9999752044677734
1.0,0.9999794960021973
0.0,1.0898751234833526e-08
0.0,0.033792853355407715
1.0,1.0
0.0,1.0878731700358912e-05
0.0,4.567946376710097e-08
1.0,1.0
1.0,1.0
1.0,1.0
1.0,0.9999992847442627
1.0,0.018768150359392166
0.0,6.802815644135762e-09
0.0,0.0003406540199648589
1.0,0.9992249011993408
0.0,0.21407513320446014
1.0,0.43286529183387756
0.0,1.343422718491638e-05
1.0,0.9999240636825562
1.0,1.0
0.0,8.335729216923937e-05
1.0,0.9999994039535522
0.0,2.585171841928968e-06
1.0,1.0
0.0,3.545509841273997e-08
1.0,0.9999995231628418
0.0,3.4349760813512376e-09
1.0,0.8488879203796387
0.0,8.231068932218477e-05
0.0,0.045463304966688156
1.0,0.9792410731315613
1.0,0.9999120235443115
1.0,0.9999762773513794
1.0,0.9999997615814209
0.0,0.9998266100883484
1.0,1.0
0.0,5.6665739975869656e-05
1.0,2.189695260312874e-05
0.0,0.9997254014015198
0.0,0.9464421272277832
0.0,1.60434119322872e-08
1.0,0.9939238429069519
1.0,1.0
1.0,0.9933502078056335
0.0,0.14813114702701569
1.0,0.9997672438621521
0.0,0.9999984502792358
0.0,1.5473164416413e-10
1.0,0.9999706745147705
1.0,0.9995743632316589
0.0,3.12444202454909e-11
0.0,0.9997380375862122
0.0,0.0002034673234447837
1.0,0.9999994039535522
0.0,1.2087488698853122e-07
1.0,0.9999940395355225
0.0,2.980645419370376e-08
0.0,5.359498391044326e-05
1.0,0.9998880624771118
1.0,0.9639249444007874
1.0,0.9999974966049194
0.0,1.5110499518300458e-09
0.0,1.641679773456417e-06
0.0,0.17933239042758942
1.0,1.0
1.0,0.9999865293502808
1.0,0.999990701675415
1.0,1.0
1.0,0.23394940793514252
0.0,5.807472192032037e-08
1.0,1.0
0.0,5.473981445902609e-07
0.0,3.119853033695108e-07
0.0,3.2778854119897005e-07
1.0,0.02686423808336258
0.0,0.609974205493927
0.0,0.971788227558136
1.0,0.9999984502792358
0.0,0.01388282049447298
1.0,0.9994245767593384
1.0,0.9999986886978149
1.0,0.9999991655349731
0.0,0.9994378685951233
0.0,0.7666614055633545
0.0,0.947318434715271
0.0,1.4211995136292899e-08
0.0,1.474072947038607e-11
0.0,5.485129804583266e-06
1.0,0.9999985694885254
1.0,0.9999998807907104
1.0,0.9999997615814209
0.0,0.5535801649093628
0.0,1.9497434550430626e-05
0.0,0.0015925553161650896
1.0,0.7379046082496643
1.0,0.9999988079071045
1.0,0.999495267868042
0.0,0.9999998807907104
0.0,4.0727616834601577e-08
1.0,1.0
0.0,1.3293303346983976e-08
0.0,1.1180833148216607e-08
1.0,0.9992257356643677
1.0,1.0
0.0,0.999913215637207
0.0,0.0017946468433365226
1.0,1.0
0.0,0.0010857618181034923
0.0,1.9337253434059676e-06
0.0,2.9396602929665505e-09
1.0,0.9999997615814209
0.0,0.9877825379371643
1.0,0.9999568462371826
1.0,1.0
0.0,0.1894059181213379
1.0,0.9999972581863403
1.0,0.9999994039535522
0.0,2.5872326503417753e-10
1.0,0.9999998807907104
0.0,0.9999992847442627
1.0,0.9999748468399048
1.0,1.0
1.0,0.9999886751174927
1.0,1.0
1.0,0.9972637891769409
0.0,7.609221697180146e-09
1.0,0.982508659362793
0.0,2.9208492833276978e-06
0.0,0.9816238284111023
0.0,0.00019216885266359895
1.0,0.9999161958694458
0.0,3.9812664908822626e-05
1.0,0.32756856083869934
0.0,2.416357069989772e-08
1.0,0.9999979734420776
0.0,7.574727351311594e-05
1.0,0.9999852180480957
0.0,8.091022607459308e-08
1.0,1.0
1.0,1.0
0.0,5.23556253906321e-10
1.0,0.029078684747219086
0.0,0.0019921634811908007
1.0,0.9999998807907104
1.0,0.9209465980529785
0.0,0.020170295611023903
1.0,4.5277276372601705e-10
1.0,1.0
1.0,0.7025932669639587
1.0,0.999984622001648
0.0,4.011631205003141e-08
1.0,0.999997615814209
1.0,0.9999910593032837
1.0,0.9999998807907104
1.0,1.0
1.0,0.16862182319164276
1.0,0.9806671142578125
0.0,8.497927410644479e-07
0.0,0.9999996423721313
0.0,0.05363189056515694
1.0,1.0
0.0,0.0009330413304269314
1.0,5.628116195310895e-09
0.0,1.1530860177799696e-07
1.0,0.9620279669761658
0.0,1.618651230845397e-13
1.0,0.9999773502349854
1.0,0.999972939491272
1.0,0.006868232507258654
1.0,1.0
0.0,0.0002236021973658353
1.0,0.9999998807907104
1.0,1.0
1.0,0.001700063468888402
1.0,3.05301853131823e-07
0.0,0.10864154994487762
0.0,2.6136754982530874e-09
0.0,0.9637494087219238
1.0,1.0
0.0,1.9592680473579094e-06
0.0,0.27965784072875977
1.0,0.9990399479866028
0.0,8.81233486182964e-09
0.0,0.11569064110517502
0.0,6.00275940065842e-11
1.0,0.9996077418327332
0.0,0.002120648045092821
1.0,1.0
1.0,0.9999984502792358
0.0,5.085241241431504e-07
1.0,0.9999523162841797
1.0,0.999990701675415
0.0,0.0018257275223731995
0.0,4.954719412531006e-10
0.0,0.999988317489624
1.0,0.9999606609344482
1.0,6.409954039554577e-06
1.0,1.0
1.0,1.2818975847039837e-05
1.0,1.0
0.0,0.9349915981292725
1.0,0.9999963045120239
1.0,0.9999969005584717
0.0,1.8016090734818135e-06
1.0,1.0
0.0,1.086271254280291e-06
0.0,6.7761263267129834e-09
1.0,1.0
1.0,0.9999232292175293
1.0,0.9940111041069031
1.0,0.9982715845108032
0.0,0.05333730950951576
0.0,0.15150651335716248
1.0,0.9999992847442627
1.0,1.0
0.0,0.9473892450332642
1.0,0.9999998807907104
0.0,0.9859728813171387
0.0,0.0023819233756512403
1.0,0.999967098236084
1.0,0.9973674416542053
1.0,0.9999998807907104
0.0,1.0472554095031228e-06
0.0,0.0017275275895372033
0.0,0.9994489550590515
0.0,5.935431590664564e-10
0.0,0.4672758877277374
1.0,0.00011603601888054982
1.0,0.00038679889985360205
0.0,4.310605561386183e-08
0.0,0.00016653872444294393
1.0,0.9999995231628418
1.0,0.9311509728431702
1.0,1.0
1.0,1.0
0.0,0.9903575778007507
1.0,8.089386938081589e-08
1.0,1.0
0.0,1.6491885634906112e-09
1.0,0.9999998807907104
0.0,0.9998289346694946
0.0,1.7627526105457036e-09
0.0,1.8356221431758968e-08
0.0,3.0791278415875922e-09
0.0,0.0013173811603337526
1.0,0.9999980926513672
1.0,0.9999825954437256
1.0,1.0
0.0,2.2161101753681578e-07
0.0,0.9998893737792969
0.0,4.4709985047575174e-08
1.0,1.0
0.0,0.00583826657384634
0.0,0.18802614510059357
0.0,1.5669681943109026e-06
1.0,0.9999998807907104
1.0,0.9999991655349731
0.0,2.723007153093704e-09
1.0,0.9999909400939941
0.0,0.9999980926513672
1.0,1.2329297305324616e-10
0.0,0.9964079260826111
1.0,1.0
0.0,2.379132274654694e-05
0.0,0.9998977184295654
0.0,0.016468336805701256
0.0,1.4121306346481788e-09
1.0,0.9999858140945435
0.0,8.007066867321555e-07
1.0,0.9971687197685242
0.0,0.1166960671544075
1.0,0.9999998807907104
0.0,2.200587186962366e-05
1.0,1.0
0.0,6.844172730779974e-07
1.0,0.999998927116394
1.0,0.9999998807907104
1.0,0.7260401844978333
0.0,2.5837040840137604e-12
0.0,0.2827295660972595
1.0,0.35130318999290466
1.0,0.9999967813491821
0.0,5.145939663969701e-12
1.0,1.0
0.0,3.3076760774797265e-10
0.0,6.110108188295271e-06
1.0,0.9999998807907104
0.0,3.299828392755444e-07
1.0,0.9996238946914673
1.0,0.9968706965446472
0.0,0.9999293088912964
0.0,0.9999995231628418
0.0,1.0227010210916987e-12
0.0,0.6832180023193359
1.0,1.0
0.0,1.3961082068192354e-08
1.0,2.0920052148931667e-11
0.0,7.81419996390793e-15
1.0,1.0
0.0,5.1423860725208215e-09
1.0,4.9572183343116194e-05
1.0,1.0
0.0,2.5577790552233637e-07
0.0,1.301884026361222e-06
1.0,0.9792147874832153
1.0,0.997170627117157
0.0,1.286967062696931e-06
1.0,1.0
1.0,1.0
0.0,0.791583776473999
1.0,0.02234860509634018
0.0,0.0027206928934901953
0.0,0.00017265748465433717
1.0,0.02977946028113365
1.0,0.5575752258300781
0.0,0.0024615642614662647
1.0,1.0
0.0,0.00033786860876716673
1.0,0.9999985694885254
1.0,0.9890111684799194
0.0,0.00023485440760850906
1.0,0.9981604218482971
0.0,0.9999872446060181
1.0,1.0
1.0,0.8990648984909058
1.0,0.7749223709106445
0.0,1.5844747167648165e-06
0.0,3.5801869281704146e-12
1.0,0.9999998807907104
0.0,1.8391412595519796e-05
0.0,0.001293133944272995
1.0,0.9999892711639404
0.0,0.008591060526669025
1.0,0.9953383207321167
0.0,1.5131648822830357e-08
1.0,0.04383423551917076
0.0,1.0
1.0,0.9998379945755005
1.0,0.9999994039535522
1.0,0.029294129461050034
1.0,1.0
1.0,5.434250851976685e-05
0.0,0.003296125214546919
1.0,0.9653875827789307
1.0,0.999992847442627
0.0,4.7575153416801186e-07
1.0,1.0
0.0,5.493295702763135e-06
1.0,1.0
0.0,3.863338449150433e-08
0.0,7.509258107907604e-14
0.0,1.1465250970843499e-08
0.0,0.9844925403594971
0.0,0.33547496795654297
1.0,0.9999994039535522
1.0,1.0
1.0,0.9999998807907104
1.0,0.2925419211387634
0.0,0.0004414134018588811
0.0,0.14376424252986908
1.0,0.996525228023529
1.0,0.9999995231628418
1.0,1.0
0.0,0.001091809244826436
1.0,0.9999998807907104
1.0,3.0045706807868555e-05
0.0,8.657102443976328e-05
0.0,3.007588844639031e-08
1.0,1.0
1.0,0.9999992847442627
0.0,2.14089284494845e-11
0.0,0.00020358531037345529
1.0,1.0
0.0,2.4313569156220183e-05
1.0,0.9501649141311646
1.0,0.9999992847442627
1.0,0.9034852981567383
0.0,0.5450851917266846
1.0,0.9999995231628418
1.0,0.9999948740005493
1.0,0.4113968014717102
1.0,0.9999990463256836
0.0,2.2447127889790863e-07
0.0,0.054734695702791214
0.0,0.9999878406524658
1.0,1.0275923614244675e-06
0.0,0.8804639577865601
0.0,1.3943537435778808e-09
0.0,2.7834842057927744e-06
1.0,0.9999871253967285
0.0,2.974242241382541e-10
0.0,0.0008582698064856231
1.0,1.91122421711043e-06
0.0,2.148789479683444e-10
1.0,0.8615066409111023
0.0,0.015238091349601746
1.0,0.9999995231628418
0.0,3.072849974472547e-09
1.0,1.0
0.0,0.0026615948881953955
1.0,0.999702513217926
0.0,6.408964026149988e-09
0.0,3.6954068605155044e-07
0.0,8.531799977617993e-08
1.0,1.9989859083580086e-06
1.0,0.9999998807907104
1.0,0.9999994039535522
0.0,7.129734171940072e-07
1.0,0.9999983310699463
1.0,0.9999027252197266
1.0,0.9999966621398926
1.0,0.9999998807907104
0.0,0.0036349832080304623
0.0,1.0813763765327167e-05
1.0,0.9999990463256836
0.0,4.5221096911518543e-07
1.0,0.9999991655349731
1.0,0.9694377779960632
1.0,0.9999992847442627
1.0,0.9999997615814209
0.0,0.9966092109680176
1.0,0.00013720108836423606
0.0,0.24481935799121857
0.0,0.08859275281429291
1.0,0.9999996423721313
1.0,0.9999997615814209
1.0,0.523105263710022
0.0,0.9999991655349731
1.0,0.9999995231628418
1.0,0.9999480247497559
1.0,0.9998377561569214
0.0,0.23339629173278809
1.0,0.9999955892562866
1.0,0.9998069405555725
1.0,0.999976396560669
1.0,1.0
0.0,0.7837391495704651
1.0,0.9999988079071045
1.0,0.9774829149246216
1.0,1.0
1.0,1.0
0.0,0.9999998807907104
1.0,0.9925236105918884
1.0,0.9999977350234985
1.0,0.9990403056144714
1.0,2.3455562768504024e-05
1.0,1.0
1.0,0.26021188497543335
0.0,5.893910383747425e-06
0.0,2.2328353566081205e-07
0.0,4.977231474190269e-11
1.0,0.9999953508377075
1.0,1.0
1.0,1.0
0.0,0.9999985694885254
1.0,1.0
1.0,0.9999994039535522
0.0,6.3166496033773e-08
1.0,3.662878270915826e-06
1.0,0.9997639060020447
1.0,0.9999628067016602
1.0,1.0
0.0,2.1442991826603475e-09
1.0,1.0
1.0,6.753013440174982e-05
0.0,2.0137718159674023e-09
0.0,2.3527529435796168e-07
0.0,1.2662586534872844e-08
1.0,0.9999997615814209
1.0,0.9730551242828369
1.0,1.0
0.0,0.00015406854799948633
0.0,2.924006821558578e-06
0.0,0.9067745804786682
0.0,0.2331494688987732
0.0,1.0991629828538407e-08
0.0,8.61979541563751e-13
1.0,0.9956268072128296
1.0,0.9999985694885254
1.0,1.0
0.0,4.5568862105938024e-07
1.0,0.9989190101623535
1.0,0.003035409841686487
1.0,0.9996007084846497
1.0,0.37409985065460205
0.0,8.711213084211522e-09
1.0,0.995547890663147
0.0,0.9990658164024353
1.0,1.0
0.0,2.111243124769402e-10
0.0,0.0006778176175430417
0.0,0.9957528114318848
0.0,3.3840135554852324e-12
0.0,0.999958872795105
0.0,1.0533674377199986e-08
0.0,6.55554686090909e-05
0.0,1.0
1.0,0.00025299302069470286
1.0,0.9999954700469971
0.0,2.453396973578492e-06
1.0,0.9999721050262451
1.0,1.0
1.0,0.9500530958175659
1.0,1.0
0.0,6.843774463050067e-05
1.0,0.9999998807907104
0.0,4.2157328294933905e-08
1.0,1.0
0.0,3.0357885407283902e-05
0.0,2.5584481200269238e-09
0.0,0.001797120668925345
1.0,0.9998549222946167
1.0,0.999981164932251
0.0,0.003831923007965088
1.0,1.0
0.0,0.0020652764942497015
0.0,3.337155551896842e-10
1.0,0.23271745443344116
1.0,0.9999997615814209
1.0,0.9998549222946167
1.0,1.0
0.0,1.3732793377130292e-05
1.0,0.9999998807907104
0.0,1.916726120043677e-07
1.0,0.989126980304718
1.0,0.9999995231628418
0.0,1.4867845621324705e-08
1.0,0.9999804496765137
0.0,3.185160468710535e-11
1.0,0.9996356964111328
1.0,0.9999920129776001
1.0,0.9999998807907104
1.0,0.9992645382881165
1.0,1.0
1.0,0.9999998807907104
0.0,0.9956953525543213
1.0,0.9944762587547302
0.0,0.4604116380214691
1.0,0.9996108412742615
1.0,1.0
0.0,4.673241164709907e-06
0.0,6.343494794117804e-14
1.0,0.9999998807907104
0.0,3.390264851077518e-07
0.0,2.625942272516113e-07
0.0,3.6864909702671866e-07
1.0,0.9999914169311523
0.0,0.34892767667770386
1.0,1.0
1.0,1.0
1.0,0.9999959468841553
0.0,0.0029982246924191713
1.0,0.9998137354850769
1.0,0.7057098150253296
1.0,0.9998846054077148
1.0,0.8037294745445251
0.0,1.3772460079053417e-06
1.0,0.00022653544147033244
0.0,0.9977685213088989
1.0,1.0
1.0,0.996498703956604
1.0,0.9999874830245972
0.0,2.1066855204754376e-10
0.0,0.0012283864198252559
0.0,0.00032565928995609283
1.0,0.9999371767044067
1.0,1.0
0.0,3.260665071280755e-10
1.0,1.0
0.0,0.9659430980682373
0.0,0.9994207620620728
0.0,4.566344614431728e-06
1.0,0.998539924621582
0.0,4.799609996553045e-06
0.0,4.94325013278285e-06
1.0,3.435251710470766e-05
0.0,0.18761251866817474
1.0,0.9998962879180908
1.0,1.0
0.0,1.2053041245962959e-05
0.0,5.418714408733649e-06
0.0,0.0005347479018382728
0.0,0.00014392708544619381
1.0,1.0
1.0,0.9999295473098755
0.0,0.10641946643590927
0.0,5.1858297929301134e-14
0.0,0.00033081500441767275
1.0,0.999866247177124
1.0,0.9168999195098877
1.0,0.03028241917490959
0.0,0.9999997615814209
0.0,7.54358259343578e-14
1.0,5.247652734396979e-05
1.0,0.9999995231628418
1.0,0.9999905824661255
0.0,0.0001054142921930179
0.0,0.00011137607361888513
1.0,0.9999997615814209
0.0,8.419766217571123e-09
1.0,1.0
0.0,6.15463875419664e-07
1.0,1.0
1.0,1.0
1.0,0.9999918937683105
1.0,1.6638471850294323e-11
0.0,0.9481685161590576
0.0,1.1518177700509113e-07
0.0,0.0002691966656129807
1.0,0.9999922513961792
1.0,1.0
0.0,0.04772481694817543
1.0,0.9999996423721313
0.0,4.796008852281375e-06
1.0,1.0
0.0,0.8355880379676819
0.0,0.0001473196316510439
0.0,0.00023534060164820403
1.0,0.0033216478768736124
0.0,2.021277578023728e-05
0.0,8.615370639120101e-10
0.0,0.0014252925757318735
1.0,0.9562949538230896
1.0,0.9999591112136841
1.0,0.9999997615814209
0.0,2.426266121346998e-07
1.0,0.9999997615814209
1.0,1.0
1.0,1.0
1.0,0.00037899543531239033
0.0,0.9910370111465454
1.0,0.46719688177108765
1.0,0.006725485902279615
1.0,0.9997124075889587
0.0,0.5036295056343079
0.0,8.90270168696361e-09
1.0,0.9999948740005493
0.0,0.9999617338180542
0.0,7.130173784730687e-09
0.0,8.350824892700004e-11
1.0,0.3892441689968109
1.0,0.9999996423721313
0.0,0.0001644099538680166
0.0,0.9999996423721313
0.0,8.289774086733814e-06
0.0,8.77163643053791e-07
0.0,1.2726026398013346e-05
0.0,0.9996373653411865
1.0,1.0
0.0,0.00021160714095458388
0.0,0.0001979743828997016
1.0,0.9999209642410278
1.0,0.9999990463256836
1.0,1.0
0.0,5.279045126371784e-06
0.0,0.9999979734420776
1.0,0.999993085861206
0.0,1.0355382329407803e-08
1.0,0.9954277276992798
0.0,2.953881448775064e-06
1.0,0.19171985983848572
1.0,0.9704478979110718
1.0,0.9999814033508301
1.0,0.999998927116394
0.0,0.0005841079982928932
1.0,0.9999914169311523
0.0,2.098658669069664e-08
0.0,0.0024749694857746363
1.0,0.9999995231628418
0.0,0.9999905824661255
1.0,0.9342470765113831
0.0,8.06595241986674e-12
1.0,0.9999961853027344
0.0,6.430647772504017e-05
0.0,0.00041183631401509047
1.0,0.9999998807907104
1.0,0.9999997615814209
1.0,0.9999997615814209
1.0,0.020789962261915207
1.0,6.299296728684567e-06
1.0,6.315050268312916e-05
1.0,0.9999779462814331
0.0,5.5143473787211406e-08
0.0,3.156007096549729e-06
1.0,1.0
0.0,9.790586773306131e-05
0.0,0.9995375871658325
0.0,4.6559721340599936e-06
0.0,9.822997526498511e-09
1.0,0.9999998807907104
1.0,0.9996612071990967
0.0,4.443872299222246e-14
1.0,4.95324961602428e-12
0.0,5.174414141606576e-08
1.0,0.9999995231628418
1.0,0.9250872731208801
0.0,1.424073980160756e-05
0.0,2.949098688235889e-14
1.0,0.9999996423721313
0.0,7.753075806249399e-06
1.0,0.0210772342979908
1.0,0.9999998807907104
1.0,0.9999997615814209
0.0,0.0026626784820109606
1.0,0.9999678134918213
0.0,0.5411422252655029
1.0,0.9726084470748901
0.0,2.1644213088478637e-09
1.0,1.0
1.0,0.9999984502792358
1.0,0.9986791014671326
1.0,0.9999978542327881
0.0,0.2539967894554138
0.0,0.006254999898374081
0.0,1.0
0.0,0.9999985694885254
0.0,0.9999961853027344
1.0,1.0
1.0,1.1325687410135288e-05
0.0,0.028805743902921677
0.0,0.11092254519462585
1.0,0.9987994432449341
1.0,0.9999998807907104
1.0,1.0
0.0,2.67188352154335e-05
1.0,2.7264644813840277e-05
0.0,0.7951688170433044
0.0,0.9392082691192627
1.0,0.9999690055847168
0.0,0.0024183369241654873
0.0,4.354833334219155e-12
0.0,1.0
0.0,3.2377585739595816e-05
1.0,0.9997664093971252
1.0,1.0
1.0,1.0
1.0,4.4867356336908415e-06
1.0,1.0
1.0,0.0037989646662026644
1.0,0.999997615814209
1.0,0.9999995231628418
0.0,0.21730929613113403
0.0,0.9985321760177612
0.0,8.508442988386378e-05
0.0,0.0035348546225577593
1.0,3.197314413228014e-08
0.0,4.153695044806227e-06
0.0,6.86005308114801e-10
1.0,1.0
0.0,0.05636928230524063
0.0,0.0033609438687562943
0.0,2.4678797672095243e-07
0.0,0.13037146627902985
0.0,0.4988718628883362
0.0,1.8028742942988174e-07
1.0,0.9998526573181152
0.0,0.006742357742041349
1.0,4.393492947923905e-13
1.0,0.9476253390312195
1.0,0.9999997615814209
0.0,0.00021200822084210813
0.0,6.083880776941442e-08
0.0,0.0002450015163049102
1.0,0.9999983310699463
1.0,0.02941911295056343
0.0,6.050931915524416e-06
0.0,0.0003612682339735329
0.0,4.790715024682868e-07
1.0,0.0132931312546134
1.0,1.0
1.0,0.9991546869277954
0.0,2.7698162739397958e-05
1.0,0.9999996423721313
0.0,0.00026467657880857587
1.0,2.4534260845143763e-08
0.0,0.023254215717315674
0.0,0.0028671857435256243
1.0,1.0
1.0,0.9999998807907104
1.0,1.0
1.0,0.998900294303894
0.0,0.9999445676803589
1.0,0.9999998807907104
0.0,3.906707402023812e-09
1.0,1.0
0.0,3.866607589664284e-10
0.0,0.8705161809921265
1.0,1.0
1.0,1.0
1.0,0.9999771118164062
0.0,2.522424438211601e-07
0.0,0.00021093532268423587
1.0,0.9999996423721313
1.0,0.999996542930603
1.0,1.0
1.0,0.0014240470482036471
0.0,0.00026936663198284805
1.0,0.07806751132011414
1.0,0.9999219179153442
1.0,0.999103307723999
1.0,1.0
1.0,0.45541808009147644
0.0,2.140948936357745e-06
1.0,0.9999531507492065
1.0,0.9999939203262329
0.0,0.9996052384376526
1.0,0.9999927282333374
1.0,0.9999998807907104
1.0,0.9686209559440613
0.0,0.13837957382202148
0.0,0.6799696683883667
0.0,0.5110630393028259
0.0,1.968921914397015e-08
0.0,1.4297214800951252e-10
0.0,9.725384941816628e-09
1.0,1.0
1.0,1.0
0.0,6.769430456188275e-07
1.0,3.1179270081338473e-06
0.0,0.00010710988863138482
1.0,0.9999984502792358
0.0,0.9986722469329834
1.0,0.9998403787612915
1.0,0.96986985206604
0.0,1.0706011011052396e-07
0.0,6.958606000445622e-12
1.0,0.9999920129776001
0.0,6.560975452885032e-05
1.0,0.9998915195465088
1.0,0.9819725751876831
1.0,0.9995079040527344
0.0,0.003701334586367011
1.0,1.0
1.0,0.0010530048748478293
0.0,3.0364144358585587e-12
1.0,0.9999936819076538
0.0,5.67285836361453e-11
1.0,0.9999998807907104
1.0,0.9681081771850586
1.0,1.0
0.0,3.397616216149757e-11
1.0,1.0
1.0,1.0
0.0,8.582867749851175e-09
1.0,1.0
0.0,1.8857687678064394e-07
0.0,0.024842191487550735
1.0,0.10606656968593597
0.0,3.715383058988664e-07
1.0,0.9999642372131348
1.0,1.0
0.0,0.9999966621398926
1.0,0.9997897744178772
1.0,0.9999996423721313
1.0,0.9999949932098389
1.0,1.0
0.0,6.882742820124577e-09
1.0,0.9999995231628418
0.0,0.011098134331405163
0.0,2.6139764486288186e-07
1.0,0.9999967813491821
0.0,7.8303008876901e-07
0.0,0.1674274206161499
1.0,1.2522112228907645e-05
0.0,8.63907079207138e-09
1.0,0.9999996423721313
0.0,1.6780037981334317e-07
0.0,8.064011680630756e-09
0.0,0.007101499941200018
0.0,0.9990465044975281
0.0,0.0009985888609662652
1.0,0.9999991655349731
1.0,0.9998807907104492
0.0,1.8255227884900194e-10
1.0,0.993030846118927
0.0,0.01689853146672249
0.0,7.728146456109641e-10
0.0,1.873021346909809e-06
1.0,0.9999992847442627
0.0,2.0712492187158205e-05
1.0,1.0
0.0,1.0
0.0,1.3501567051876773e-11
1.0,1.0
0.0,1.4887352461911973e-10
1.0,1.0
0.0,9.752471896717907e-08
1.0,1.0
1.0,0.9999995231628418
1.0,1.0
1.0,0.9999995231628418
0.0,0.6528376340866089
1.0,0.9999998807907104
1.0,1.0
0.0,0.038382578641176224
1.0,1.0
1.0,0.010968305170536041
0.0,2.6811847419594415e-05
1.0,1.0
0.0,0.00016771972877904773
1.0,1.0
0.0,0.18582959473133087
1.0,0.991154670715332
0.0,0.01715284213423729
1.0,0.0034141787327826023
0.0,0.0543515682220459
0.0,1.2003246396830036e-08
0.0,4.547510285002332e-11
1.0,1.0
1.0,1.7430234322546312e-07
0.0,1.0
0.0,0.00012502167373895645
1.0,1.0
1.0,0.9999995231628418
0.0,9.512199361516593e-11
1.0,1.0
0.0,3.399852062102582e-07
0.0,0.9999996423721313
1.0,0.9999984502792358
0.0,0.002672747941687703
1.0,1.0
0.0,0.9999998807907104
1.0,0.6721756458282471
1.0,0.9871402382850647
1.0,1.0
0.0,0.0014780006604269147
0.0,0.9999740123748779
1.0,0.9999963045120239
1.0,0.9999747276306152
1.0,0.9999946355819702
0.0,2.484592914697714e-05
1.0,0.9999563694000244
0.0,0.0001145031419582665
0.0,0.9991884827613831
1.0,1.0
0.0,7.13081954595296e-11
0.0,0.011330652981996536
0.0,0.8815726637840271
1.0,0.9422985315322876
0.0,0.6418302655220032
0.0,2.5650369934737682e-06
1.0,1.0
0.0,1.4012694293796812e-07
1.0,1.0
0.0,2.9999261408342193e-10
1.0,0.024738283827900887
0.0,0.03616033494472504
1.0,0.00029394312878139317
1.0,0.9999864101409912
1.0,0.0001515734475106001
0.0,0.0019581273663789034
1.0,0.9999998807907104
0.0,1.1659914811446015e-08
0.0,0.771419107913971
0.0,0.00023084036365617067
0.0,0.29377442598342896
1.0,0.9998277425765991
1.0,3.6581584481609752e-06
0.0,1.327952645624464e-06
0.0,0.0001029036138788797
1.0,3.942126056699635e-07
1.0,0.9721772074699402
1.0,1.0
0.0,0.00667018536478281
0.0,5.831155558411183e-09
1.0,0.999993085861206
1.0,0.9791081547737122
0.0,1.3720764968638832e-07
1.0,0.9999998807907104
0.0,0.007309507578611374
1.0,0.9990230798721313
1.0,2.4544522148062242e-06
0.0,6.191637658048421e-05
0.0,0.08409261703491211
0.0,0.1653243601322174
1.0,1.0
0.0,0.6372656226158142
0.0,1.0315223120116457e-09
0.0,0.00033424768480472267
1.0,4.479148265090771e-05
0.0,9.821293360801064e-07
0.0,9.163207437268284e-08
0.0,2.374615348799125e-08
1.0,1.0
1.0,0.0006208715494722128
0.0,0.26624542474746704
0.0,0.0002293577417731285
0.0,3.7801050893904176e-06
0.0,0.9994719624519348
1.0,1.0758758435258642e-06
0.0,0.10957283526659012
0.0,0.19186514616012573
1.0,0.9999997615814209
0.0,0.7206937074661255
0.0,0.13060744106769562
0.0,8.936295671446715e-06
1.0,1.0561421528998416e-11
0.0,0.4295004606246948
1.0,0.9999986886978149
1.0,0.9999980926513672
1.0,1.0
1.0,1.0
0.0,0.13377130031585693
1.0,0.9999880790710449
1.0,0.9999998807907104
1.0,0.9999997615814209
1.0,0.999988317489624
1.0,1.7406254427345974e-16
0.0,0.0025533437728881836
0.0,8.775228321766804e-10
0.0,5.0870956329163164e-05
1.0,0.9999560117721558
0.0,1.0314582254977722e-07
1.0,0.1285884529352188
0.0,7.712738969354021e-15
1.0,0.9999812841415405
0.0,0.006263740826398134
1.0,0.9394263029098511
1.0,0.9999991655349731
0.0,3.3363742879544134e-09
1.0,1.0
0.0,3.283442615020782e-11
1.0,0.9999973773956299
1.0,0.9999996423721313
1.0,1.0
1.0,0.9999152421951294
1.0,0.35763055086135864
1.0,0.9999996423721313
1.0,0.9999998807907104
1.0,0.999702513217926
1.0,0.9999959468841553
1.0,0.9999927282333374
1.0,0.03253643959760666
0.0,4.839523271016333e-08
1.0,1.0
1.0,0.9999988079071045
0.0,0.03667626529932022
1.0,0.9999998807907104
0.0,2.4106086584652076e-06
0.0,2.709577529458329e-06
0.0,3.43465871992521e-05
1.0,1.0
0.0,1.0
1.0,1.0
1.0,0.9223045706748962
0.0,0.9990160465240479
1.0,1.0
0.0,1.2467452625841702e-09
0.0,0.9999997615814209
0.0,0.20470057427883148
1.0,0.9999973773956299
0.0,0.08054220676422119
1.0,1.0
1.0,1.6196830983972177e-05
0.0,2.1211288185440935e-05
0.0,1.8967277526371618e-07
1.0,0.0030502802692353725
0.0,0.8995150923728943
0.0,1.0003236017297468e-09
0.0,1.0
0.0,1.2034308383590542e-05
0.0,1.0
1.0,0.9999892711639404
0.0,4.533799074124545e-05
1.0,0.8289634585380554
0.0,7.185104777818196e-07
1.0,0.9999998807907104
1.0,1.0
0.0,8.364798631532722e-09
0.0,1.0
1.0,0.9999997615814209
0.0,0.9998997449874878
0.0,0.00018958377768285573
1.0,1.0
1.0,0.9542850255966187
0.0,0.01973765529692173
0.0,7.142972435758566e-08
1.0,0.9999982118606567
1.0,0.7624331116676331
0.0,0.9855726361274719
1.0,0.044655412435531616
0.0,0.9938183426856995
0.0,0.9999992847442627
1.0,1.0
0.0,3.762005817975478e-09
0.0,0.00013126690464559942
0.0,1.0898117130953011e-10
0.0,0.06957891583442688
0.0,0.00030162345501594245
0.0,9.581516025036763e-08
0.0,4.873891157330945e-08
1.0,0.999998927116394
0.0,0.007329918909817934
1.0,0.9999996423721313
1.0,0.9949312806129456
0.0,1.4242642167646563e-14
1.0,0.9999998807907104
0.0,0.9192302823066711
0.0,0.24301281571388245
1.0,1.0
0.0,2.467317843091177e-11
1.0,0.9999673366546631
1.0,0.9999980926513672
0.0,0.32085084915161133
0.0,0.9989851117134094
1.0,0.9999997615814209
1.0,2.1718372877899128e-08
1.0,0.13961540162563324
0.0,4.846525598622975e-07
1.0,0.9578521847724915
1.0,0.9974205493927002
0.0,0.8139449954032898
1.0,1.0
0.0,1.5891334081974406e-10
0.0,1.962198042937402e-10
0.0,2.4818062101944482e-12
0.0,2.2020659073973547e-08
1.0,0.9999996423721313
0.0,2.4373980522796046e-07
0.0,1.7212648799613817e-06
0.0,0.9999868869781494
0.0,0.9391576647758484
1.0,0.9999946355819702
1.0,0.6701672673225403
0.0,5.119092634231492e-07
0.0,0.2612682282924652
0.0,0.007141278125345707
0.0,5.573668886427185e-07
0.0,0.0008984194719232619
1.0,0.8972944021224976
0.0,0.999982476234436
1.0,0.9999997615814209
0.0,2.072833051036671e-11
0.0,0.9990618824958801
1.0,0.47441908717155457
0.0,0.0008776873000897467
0.0,0.9999771118164062
0.0,0.012134245596826077
0.0,1.0843916042890811e-10
0.0,2.4761955501162447e-05
0.0,0.008472755551338196
1.0,1.0
0.0,0.08144909143447876
1.0,0.9999995231628418
1.0,0.9999297857284546
1.0,0.9999997615814209
0.0,0.9972807168960571
0.0,0.9999645948410034
0.0,1.6505945221734208e-10
0.0,0.9999836683273315
1.0,0.9999982118606567
0.0,0.9907275438308716
0.0,0.21450434625148773
1.0,0.021551737561821938
0.0,0.9081871509552002
1.0,0.9999687671661377
0.0,6.604329882975435e-08
1.0,0.9993125200271606
1.0,0.9999980926513672
0.0,1.681352841842454e-05
0.0,8.761034564486181e-09
0.0,2.1109050618584035e-10
0.0,0.9975486397743225
0.0,9.255089139514894e-08
1.0,0.999541163444519
0.0,8.953808219303028e-07
1.0,1.8087112039211206e-05
1.0,0.9999982118606567
0.0,1.4265286836234736e-06
0.0,0.9999996423721313
0.0,2.8334984358835413e-10
1.0,0.9999951124191284
1.0,1.0
1.0,0.9999995231628418
1.0,9.342916200694162e-07
0.0,0.00018078832363244146
0.0,1.015894508273052e-12
0.0,8.207328150433568e-09
1.0,0.9999985694885254
0.0,0.9963257908821106
1.0,0.9999997615814209
1.0,1.0
0.0,0.0007673282525502145
0.0,1.63416802312355e-09
1.0,0.9999942779541016
0.0,1.2280679584364407e-08
0.0,0.0005070149200037122
0.0,2.963942051792401e-07
1.0,0.9999363422393799
0.0,5.931418911586661e-08
1.0,0.9999942779541016
1.0,1.0
0.0,1.4361627620473882e-07
1.0,0.02443581633269787
1.0,1.0
0.0,0.9686082005500793
1.0,1.0
0.0,1.2151931514381431e-05
1.0,1.0
1.0,0.9999998807907104
1.0,4.175955155005795e-07
1.0,0.9999997615814209
0.0,0.4065300524234772
0.0,2.267639501951635e-05
0.0,4.701209945778828e-07
1.0,0.9440445303916931
0.0,4.46821876373682e-12
1.0,0.8413643836975098
1.0,1.0
1.0,1.0
0.0,5.31465502717765e-07
1.0,1.0
1.0,1.0
1.0,0.9999985694885254
0.0,4.425258826046274e-09
0.0,7.375160204770026e-11
0.0,7.162774409152917e-07
0.0,0.9665548801422119
0.0,0.9925059676170349
1.0,0.999998927116394
0.0,3.4053728725780275e-09
1.0,0.9999995231628418
1.0,0.9954328536987305
1.0,1.0
0.0,8.290496680274373e-07
0.0,2.923550255218288e-07
1.0,0.9999997615814209
0.0,0.9999995231628418
1.0,1.84095224540215e-05
0.0,0.9999969005584717
0.0,0.02427133172750473
1.0,1.0
1.0,0.9999985694885254
0.0,0.9962557554244995
1.0,1.0
0.0,6.72959431540221e-05
0.0,0.021968217566609383
0.0,0.00048681654152460396
0.0,0.001473257434554398
0.0,1.324035991956407e-07
1.0,1.0
0.0,0.9990622401237488
1.0,1.0
1.0,0.9999992847442627
1.0,0.999967098236084
1.0,1.1711009619830293e-06
0.0,0.002092896029353142
1.0,1.0
1.0,0.00021326664136722684
0.0,0.999998927116394
1.0,1.0
0.0,0.9998513460159302
1.0,1.0
1.0,1.0
1.0,0.999993085861206
1.0,0.9998351335525513
1.0,0.9999655485153198
0.0,0.994762122631073
0.0,3.2208426464092055e-12
1.0,0.999998927116394
1.0,0.9999873638153076
1.0,0.9999998807907104
0.0,0.0023657288402318954
0.0,0.8951574563980103
0.0,3.0902461145565496e-10
0.0,3.7456374002431403e-07
1.0,1.0
1.0,0.00022883721976540983
1.0,0.9999994039535522
1.0,0.9692835211753845
1.0,1.0
1.0,6.339100218610838e-05
1.0,0.005992409307509661
1.0,0.999998927116394
0.0,1.0452577388700424e-12
1.0,1.0
0.0,5.03812373153778e-07
0.0,9.488143777602875e-13
0.0,5.212568154888686e-09
1.0,0.9999324083328247
1.0,1.0
0.0,0.019080007448792458
1.0,0.9909577369689941
0.0,1.362276833560827e-07
0.0,4.449675998330349e-06
1.0,1.0
1.0,1.0
0.0,1.7640317651057558e-08
0.0,1.2709057955362368e-05
1.0,1.0
0.0,0.013239288702607155
0.0,0.07061119377613068
0.0,1.576188424223801e-07
1.0,0.0014656682033091784
0.0,0.25810500979423523
1.0,1.0
0.0,0.06872009485960007
1.0,0.9999709129333496
0.0,0.05258781090378761
0.0,2.248052078357432e-05
0.0,1.1269578159556204e-08
1.0,0.99992835521698
1.0,0.7830187678337097
1.0,0.9999996423721313
1.0,0.977146327495575
0.0,0.9999990463256836
1.0,1.0
0.0,3.6177165430029135e-11
1.0,0.9999991655349731
1.0,1.0
1.0,0.999988317489624
1.0,0.9932054281234741
1.0,0.9815499782562256
0.0,3.955411102651851e-06
0.0,4.20870946982177e-06
0.0,0.017629394307732582
0.0,1.0393404192843292e-10
0.0,7.692124626146324e-08
0.0,2.556072686843436e-09
1.0,0.9999996423721313
1.0,0.9996050000190735
1.0,0.9955701231956482
1.0,1.0
0.0,4.019361222162843e-05
1.0,1.0
1.0,0.9999986886978149
1.0,0.0010495305759832263
1.0,0.9999841451644897
0.0,0.0005578008713200688
1.0,1.0
0.0,0.014568278566002846
0.0,0.9850965142250061
0.0,4.770629224992717e-09
0.0,0.9999936819076538
0.0,6.0823822423117235e-06
0.0,0.998923122882843
1.0,0.9999998807907104
1.0,1.0
0.0,7.647813049516117e-08
1.0,0.9999972581863403
0.0,0.00015571768744848669
0.0,1.0558892491905822e-13
1.0,3.6184510463499464e-06
0.0,6.598581308026041e-07
1.0,0.9973946809768677
1.0,0.9955554604530334
0.0,0.9956795573234558
1.0,0.9999986886978149
0.0,5.193759307076107e-07
1.0,0.255005419254303
0.0,1.5474597603315488e-08
0.0,3.410835347494867e-07
0.0,0.00013467815006151795
1.0,0.9947473406791687
0.0,3.8271936730893685e-09
1.0,1.0
0.0,3.213479615737924e-08
0.0,5.553810449726582e-13
1.0,4.474156461986567e-11
1.0,0.053459979593753815
0.0,0.9367890954017639
1.0,0.9936849474906921
1.0,0.9999939203262329
1.0,0.9999997615814209
1.0,0.002711937529966235
1.0,0.024503687396645546
1.0,0.99992835521698
0.0,0.010008268058300018
0.0,3.7220104331936454e-08
1.0,0.9999984502792358
1.0,0.9999998807907104
1.0,1.0
1.0,0.9999691247940063
1.0,0.8078257441520691
0.0,0.40444591641426086
1.0,0.000839196378365159
0.0,0.0004922302323393524
1.0,1.0
0.0,2.9542410629801452e-05
0.0,0.10508695244789124
0.0,1.939924550242722e-05
0.0,0.9999997615814209
0.0,9.930407607328107e-10
1.0,1.0
0.0,0.0025702116545289755
0.0,2.3744900317979045e-05
0.0,9.771930109536697e-08
0.0,1.5459838323295116e-05
1.0,4.965812049756435e-12
0.0,0.07951140403747559
0.0,8.128776244120672e-05
0.0,0.9998306035995483
0.0,0.9394983649253845
1.0,0.9989284873008728
1.0,0.9998677968978882
0.0,4.183956653358578e-11
0.0,3.1628934493710403e-07
0.0,0.9999366998672485
0.0,0.07770350575447083
1.0,0.9999991655349731
0.0,0.00035462240339256823
1.0,1.0
0.0,3.992600954710879e-12
1.0,0.9991876482963562
1.0,0.0019629623275250196
1.0,1.0
0.0,0.0030262176878750324
0.0,9.148088536692356e-11
0.0,0.9997361302375793
0.0,0.999943733215332
1.0,0.9847474694252014
1.0,0.9999998807907104
1.0,0.9999998807907104
0.0,0.00043880182784050703
0.0,0.0011925612343475223
0.0,1.077324941434199e-05
0.0,0.0005565918399952352
1.0,1.0
0.0,0.9743967652320862
0.0,1.539836942850148e-12
0.0,1.0
0.0,3.46586384694092e-05
1.0,0.002026547212153673
1.0,0.9998199343681335
1.0,0.9988471269607544
0.0,4.771678504766896e-06
0.0,4.198687292955583e-06
1.0,0.9999995231628418
1.0,1.0
0.0,9.829824421103694e-08
1.0,1.0
1.0,0.9999997615814209
0.0,0.044212497770786285
1.0,1.0
0.0,0.003995339851826429
0.0,0.0005953137297183275
0.0,1.3607564142148476e-05
1.0,0.9999998807907104
1.0,0.9995710253715515
0.0,0.6093635559082031
1.0,9.196474337613836e-08
0.0,0.6592327356338501
1.0,0.9957309365272522
0.0,0.0001440962660126388
0.0,0.24724180996418
0.0,0.9999850988388062
0.0,7.263432166837447e-07
0.0,2.1137018848094158e-05
1.0,0.9999992847442627
0.0,1.0
0.0,0.9763157963752747
0.0,0.0013647772138938308
0.0,0.9053961038589478
1.0,0.9865134358406067
0.0,4.850081040785881e-06
0.0,0.021934909746050835
0.0,7.78010722513045e-09
1.0,0.9999983310699463
0.0,1.865717820237478e-07
1.0,1.0
0.0,0.8482294082641602
1.0,0.999974250793457
1.0,0.9999970197677612
0.0,1.7166183752248543e-10
1.0,0.9026075601577759
1.0,1.0
1.0,1.0
0.0,1.3181073882151395e-05
0.0,0.9983518123626709
0.0,0.9999634027481079
1.0,0.9999923706054688
1.0,0.9999692440032959
1.0,0.9999998807907104
1.0,0.9999986886978149
0.0,4.1666615288704634e-05
1.0,0.9960325360298157
1.0,1.0
1.0,0.9999524354934692
0.0,0.6761319637298584
1.0,0.16491158306598663
0.0,0.9998794794082642
0.0,5.758422503276961e-06
0.0,3.998583582298654e-12
0.0,0.9999971389770508
0.0,7.485786045435816e-05
0.0,0.35116270184516907
1.0,1.0
1.0,1.0
0.0,0.00033092760713770986
0.0,9.501128772626544e-09
0.0,0.996885359287262
1.0,1.0
1.0,0.9998214840888977
0.0,0.1692364513874054
1.0,0.9999963045120239
0.0,0.9890439510345459
1.0,1.0
0.0,0.9707719087600708
1.0,0.9999985694885254
0.0,0.021750468760728836
1.0,0.8737466335296631
1.0,0.9999990463256836
1.0,1.0
0.0,1.933924487218519e-08
1.0,0.9999992847442627
1.0,1.0
0.0,0.015592765063047409
1.0,0.9999873638153076
1.0,4.0909206290962175e-05
1.0,1.0
1.0,0.999971866607666
1.0,0.9999943971633911
0.0,3.1955409212969244e-05
1.0,0.9960824251174927
0.0,4.2915131626304615e-13
0.0,9.313589544035494e-05
0.0,0.08841755241155624
0.0,6.369020866259234e-07
0.0,0.00538841774687171
0.0,0.240096315741539
0.0,2.4496651462868613e-07
1.0,0.999980092048645
1.0,0.9998902082443237
0.0,0.9999567270278931
0.0,0.9958345890045166
1.0,0.06344194710254669
1.0,0.9992018342018127
0.0,1.0188907009767156e-12
1.0,0.9999103546142578
1.0,0.9999935626983643
0.0,8.204182449844666e-06
0.0,9.402327123098075e-06
0.0,1.55552370983969e-08
0.0,7.714192662433561e-08
0.0,1.4899349025654374e-06
0.0,1.5567634648050444e-07
0.0,3.871901022023394e-09
0.0,5.0762749559396525e-09
0.0,1.1283150413987642e-08
1.0,1.6840108685300947e-07
0.0,0.00011770710261771455
1.0,9.703320813514438e-08
0.0,2.9750660246463667e-07
0.0,3.3958178846660303e-07
0.0,6.069387215035249e-10
0.0,5.103891908220248e-06
1.0,1.0
0.0,2.4186945848936325e-12
0.0,0.9999256134033203
0.0,0.10338527709245682
0.0,0.9999973773956299
0.0,0.0009529327508062124
0.0,1.0
1.0,0.9999936819076538
1.0,0.5066202878952026
0.0,0.009669791907072067
1.0,1.0
0.0,0.9165081977844238
1.0,1.0
0.0,1.68725244279605e-12
0.0,0.12120956927537918
0.0,8.669483880785478e-11
0.0,0.6619468927383423
0.0,1.0
0.0,0.8962730765342712
0.0,0.02013370767235756
1.0,0.9999961853027344
0.0,0.07561103254556656
0.0,0.7150394320487976
0.0,0.0031709037721157074
0.0,0.002385383006185293
1.0,0.6713904738426208
1.0,0.9999997615814209
1.0,0.42407768964767456
1.0,0.8956406712532043
1.0,0.9999969005584717
0.0,1.9880012587236706e-06
1.0,1.0
1.0,1.0
1.0,0.9998083710670471
1.0,7.870978038226895e-07
0.0,7.236765631191133e-10
0.0,7.749291398795322e-06
1.0,0.9999983310699463
1.0,1.0
0.0,8.678783274262969e-07
0.0,1.026566276429719e-09
1.0,0.8580979108810425
1.0,0.9994320273399353
0.0,1.752067760207865e-06
1.0,1.0
0.0,2.0587696781149134e-05
1.0,0.9999996423721313
1.0,0.994681179523468
0.0,2.1880267779897378e-13
0.0,0.01689320057630539
1.0,0.7763626575469971
1.0,1.0
1.0,1.0
0.0,0.0011013556504622102
0.0,0.010458579286932945
1.0,0.9862690567970276
1.0,0.999998927116394
1.0,1.2756494243149064e-06
1.0,0.9970314502716064
0.0,5.129854867337432e-17
0.0,5.564220941778331e-07
0.0,0.9932938814163208
0.0,3.820148641864307e-09
1.0,1.0
0.0,0.001377363339997828
1.0,0.006832889746874571
1.0,0.9999986886978149
0.0,5.567293825947672e-08
1.0,1.0
1.0,0.20292457938194275
0.0,1.501932800351824e-09
0.0,0.9998950958251953
0.0,3.367660061473249e-15
1.0,0.9999998807907104
0.0,2.0916592069486484e-10
0.0,0.0005218384321779013
0.0,0.9998574256896973
0.0,9.364313882542774e-06
0.0,0.025549111887812614
1.0,1.0
0.0,1.0
1.0,0.9997746348381042
1.0,1.0
0.0,0.15800005197525024
1.0,1.0
0.0,0.9999449253082275
1.0,1.0
1.0,0.9989087581634521
1.0,1.0
1.0,0.9999990463256836
1.0,1.0
0.0,2.9119767930296803e-08
1.0,0.9999964237213135
0.0,0.04575520008802414
1.0,0.981633722782135
0.0,2.2230700778891332e-05
1.0,0.999515175819397
1.0,0.9999740123748779
0.0,1.2695515483069492e-13
0.0,0.24696171283721924
0.0,0.9995593428611755
1.0,0.9995701909065247
0.0,9.211216678295386e-09
1.0,0.9986250400543213
1.0,1.0
0.0,0.013134961016476154
1.0,0.9878513216972351
0.0,0.9953416585922241
0.0,5.895628429897215e-09
1.0,1.0
1.0,0.9999996423721313
1.0,1.5481999071198516e-05
0.0,4.20089275865454e-11
1.0,0.7371761798858643
0.0,0.018517639487981796
0.0,0.999997615814209
1.0,0.9999994039535522
1.0,1.0
1.0,0.009312608279287815
0.0,1.177044578071218e-05
0.0,1.3477050515575684e-06
0.0,0.8066190481185913
1.0,0.9999703168869019
0.0,0.0021651098504662514
0.0,6.9925571999363e-09
1.0,0.9999997615814209
1.0,1.0
0.0,0.9523249864578247
1.0,1.0
1.0,0.999997615814209
0.0,0.00044111369061283767
0.0,2.3061877740815362e-08
1.0,0.9821481704711914
0.0,1.9162585886078887e-05
1.0,0.00017530574405100197
1.0,0.9992879033088684
1.0,1.0
0.0,2.2222046425213193e-08
0.0,0.987984299659729
0.0,0.20691418647766113
1.0,0.9999994039535522
1.0,0.9199661016464233
0.0,0.738704264163971
1.0,1.0
0.0,0.9007259011268616
1.0,1.0
0.0,0.9272593259811401
1.0,0.9758977293968201
0.0,0.9996964931488037
0.0,1.798992741441907e-07
1.0,2.809256102409563e-06
0.0,2.5676072255009785e-05
0.0,1.4413424764825322e-07
1.0,0.9999983310699463
0.0,0.8223657011985779
0.0,3.140770843401697e-07
0.0,6.655613560280216e-14
1.0,0.9497880935668945
1.0,1.0
0.0,8.141834428876393e-11
0.0,0.0029077220242470503
0.0,0.9990524649620056
1.0,0.9999996423721313
0.0,1.61059655195972e-11
1.0,0.8904348611831665
0.0,0.8474147915840149
1.0,1.0
1.0,0.5537054538726807
0.0,0.9999313354492188
1.0,0.9999998807907104
0.0,0.9997441172599792
1.0,0.9999998807907104
1.0,0.9999995231628418
0.0,0.003363001858815551
0.0,0.010642847046256065
1.0,0.9999998807907104
0.0,0.9882704019546509
0.0,1.4308440500140907e-12
0.0,0.00010751838999567553
1.0,0.9999953508377075
1.0,0.0017450499581173062
0.0,9.986111243476259e-11
1.0,1.0
0.0,1.7250083317321696e-07
1.0,0.7130247950553894
1.0,0.9999499320983887
0.0,8.987890431910728e-09
1.0,0.999997615814209
1.0,1.0
1.0,0.9999690055847168
0.0,2.041587322310079e-06
1.0,0.9999994039535522
0.0,2.6712132239481434e-05
0.0,2.0616766072123482e-09
1.0,0.9991140961647034
1.0,0.9999997615814209
0.0,8.242898184107617e-05
1.0,0.8770765066146851
0.0,1.0542859918416525e-08
0.0,8.960351806308609e-06
0.0,2.9914269816799788e-06
1.0,0.9999889135360718
0.0,0.999998927116394
1.0,6.3514398789266124e-06
1.0,0.9998364448547363
1.0,0.9999979734420776
0.0,2.830050107149873e-06
0.0,1.572372184455162e-06
1.0,0.999997615814209
0.0,7.0693531597498804e-06
0.0,5.115801741339965e-06
0.0,0.9999966621398926
1.0,0.02316257916390896
1.0,0.9999247789382935
1.0,1.0
0.0,0.9132781028747559
0.0,0.0005484685534611344
0.0,0.9355651140213013
1.0,1.0
1.0,7.035851922410075e-06
1.0,0.9999996423721313
1.0,0.9999979734420776
0.0,0.999565064907074
1.0,0.9999971389770508
1.0,2.232536421356568e-12
0.0,1.2492307632783195e-06
1.0,1.0
1.0,0.9996211528778076
0.0,5.9080497438746e-11
1.0,0.9999591112136841
0.0,2.2022336452209856e-06
1.0,1.0
1.0,0.0839976966381073
1.0,1.0
1.0,0.9999992847442627
1.0,1.8927752307718038e-06
0.0,5.822553994505597e-09
1.0,0.999994158744812
1.0,0.9999998807907104
0.0,8.177084009908242e-11
1.0,1.0
0.0,0.9999998807907104
1.0,0.9952850937843323
0.0,1.4376113632863508e-09
1.0,1.0
1.0,1.0
0.0,2.01056842286107e-08
1.0,0.9999996423721313
1.0,0.9999994039535522
0.0,4.897307917417493e-06
1.0,0.9999998807907104
1.0,0.9996747970581055
0.0,0.32368203997612
0.0,3.6863109897922186e-08
1.0,0.9997140765190125
0.0,0.7614069581031799
1.0,1.0
1.0,0.9999990463256836
0.0,0.0008073070785030723
1.0,0.9988681077957153
1.0,7.592554175062105e-05
0.0,8.525224970412637e-09
0.0,0.00033186469227075577
1.0,0.9999967813491821
0.0,1.5056504707899876e-05
1.0,0.9999940395355225
1.0,0.9999998807907104
1.0,0.9999818801879883
1.0,0.9999997615814209
1.0,0.00926120299845934
0.0,0.0011486269067972898
0.0,0.6875548362731934
1.0,0.9999995231628418
1.0,0.9999982118606567
1.0,0.9999998807907104
1.0,0.29878097772598267
1.0,0.9999998807907104
1.0,1.0
0.0,0.04649144038558006
0.0,1.2317834261921234e-05
1.0,1.0
1.0,0.8733251690864563
0.0,0.0014816370094195008
1.0,0.9999363422393799
1.0,1.0
0.0,2.806034071702897e-16
1.0,0.9998527765274048
0.0,9.235380957761663e-07
0.0,7.839758703331867e-11
0.0,2.9342975271795524e-10
0.0,1.965106477541667e-08
1.0,0.9999858140945435
0.0,1.948033286680584e-06
1.0,0.9999977350234985
1.0,0.9999998807907104
1.0,0.9981774091720581
1.0,0.9999887943267822
0.0,0.9998270869255066
1.0,8.836685447022319e-05
1.0,1.0
0.0,7.2631252123755985e-09
0.0,4.618136428824471e-11
1.0,0.9999990463256836
0.0,1.303096075488952e-09
1.0,0.9999997615814209
0.0,5.815046461066231e-05
1.0,1.0
0.0,3.086189304113418e-09
1.0,0.9999973773956299
0.0,4.240278350664539e-09
0.0,6.549836228941786e-08
1.0,1.0
0.0,0.9999995231628418
0.0,0.16868633031845093
0.0,1.4079197363514595e-08
0.0,0.0022517284378409386
1.0,1.0
1.0,1.0
0.0,9.245671208191197e-06
0.0,0.9999997615814209
0.0,0.03404245525598526
1.0,0.9992187023162842
0.0,5.064000330179397e-10
0.0,1.1131916721751622e-07
0.0,9.653046618041117e-06
1.0,0.9999996423721313
1.0,1.0
0.0,6.182953075040132e-05
1.0,0.9999998807907104
0.0,0.04725409299135208
0.0,5.420373327069683e-06
0.0,9.815180237637833e-05
0.0,0.00016626834985800087
0.0,1.37676906319939e-07
1.0,1.0
1.0,1.0
1.0,0.9999582767486572
1.0,1.0
0.0,0.977580189704895
0.0,0.0010539216455072165
0.0,5.4843905672896653e-05
1.0,2.9707811322055022e-08
0.0,0.7874044179916382
0.0,0.003476697253063321
0.0,2.0240428000306565e-08
1.0,0.0015850163763388991
0.0,7.856010597606655e-08
0.0,0.0002772297302726656
0.0,0.020486602559685707
1.0,0.42443928122520447
1.0,1.0
0.0,4.787266405514856e-08
0.0,3.2756306609371677e-06
1.0,1.0
0.0,2.0890038310295012e-10
1.0,0.9998077750205994
0.0,3.4652825888770167e-06
1.0,0.999990701675415
1.0,1.0
1.0,0.9999748468399048
1.0,0.9999992847442627
1.0,1.0
1.0,0.9998182654380798
0.0,2.7738904313161054e-14
0.0,2.7895721288473396e-08
1.0,1.0
0.0,1.6935038729570806e-05
1.0,0.9999889135360718
1.0,1.0
1.0,0.9999996423721313
0.0,0.00030416727531701326
0.0,1.0866888722205204e-08
1.0,0.9998583793640137
0.0,0.001438298961147666
1.0,0.9999761581420898
0.0,0.9999960660934448
0.0,6.309442968088774e-10
1.0,0.9999988079071045
0.0,0.0028703627176582813
0.0,5.83166759327014e-09
0.0,3.989274046034552e-05
1.0,0.9999855756759644
0.0,0.014535627327859402
0.0,0.998696506023407
0.0,5.045299733552611e-09
1.0,0.003658598056063056
1.0,0.9999641180038452
0.0,1.3419866107255984e-08
1.0,0.9995530247688293
0.0,0.9014807343482971
1.0,0.9749568700790405
0.0,0.004581019282341003
1.0,0.9999995231628418
0.0,1.1884132566919448e-11
1.0,0.036883242428302765
1.0,0.8398312926292419
0.0,5.149933214251834e-13
1.0,0.06610274314880371
1.0,0.9999786615371704
0.0,1.0
0.0,4.4570319914782885e-06
1.0,0.9999990463256836
1.0,1.0
1.0,0.9999994039535522
1.0,0.9980060458183289
1.0,0.9899951219558716
1.0,1.0
1.0,0.9999992847442627
1.0,1.0
0.0,0.9999912977218628
1.0,1.0
0.0,0.010836363770067692
0.0,0.0411851704120636
1.0,0.11468515545129776
0.0,0.003571664448827505
0.0,1.5953812715352456e-09
0.0,0.9999995231628418
0.0,8.027986950764898e-07
1.0,0.9999959468841553
0.0,1.1343544429109897e-05
1.0,1.0
0.0,1.6324359641828323e-09
0.0,1.5519793450380348e-08
0.0,2.6628295055064477e-11
1.0,1.0
0.0,0.0005582018638961017
1.0,0.9999936819076538
0.0,2.6124045149344965e-09
1.0,1.0
0.0,6.401194241334451e-09
1.0,1.0
1.0,1.0
0.0,0.00024061351723503321
0.0,3.48188405191463e-12
1.0,0.9999394416809082
0.0,1.0
0.0,0.0001215104857692495
0.0,3.439521663040068e-07
1.0,0.9999992847442627
0.0,1.503240240618986e-12
1.0,1.0
1.0,0.9999991655349731
0.0,0.9998571872711182
0.0,8.759977390582208e-06
0.0,0.9971539974212646
0.0,0.9999289512634277
0.0,1.0
1.0,0.9999996423721313
1.0,0.9999998807907104
0.0,0.00042994599789381027
0.0,6.838026820332743e-07
0.0,0.00042633546399883926
1.0,0.999948263168335
0.0,3.879206815327052e-06
1.0,0.9995073080062866
0.0,0.9998915195465088
0.0,5.719210882659809e-09
0.0,1.7764675703801913e-06
1.0,0.9999997615814209
0.0,2.649000116483613e-11
0.0,0.8746086955070496
1.0,0.9999997615814209
1.0,2.4093583306239452e-06
0.0,1.2418422556947917e-05
0.0,0.9561898708343506
0.0,2.434781526972074e-05
1.0,1.0
1.0,0.9999985694885254
1.0,0.981453537940979
1.0,6.700967247752487e-08
1.0,0.9999980926513672
1.0,1.0
0.0,3.1099050418204044e-11
0.0,5.286902887746692e-05
1.0,1.0
1.0,8.586247685071768e-11
0.0,2.9617740437970497e-06
1.0,1.0
0.0,1.6378455256926827e-05
1.0,1.0
1.0,1.0
1.0,0.9946075081825256
0.0,3.946793412923366e-12
1.0,1.0
0.0,0.000744155899155885
1.0,0.9999959468841553
1.0,0.9999208450317383
1.0,0.9999866485595703
0.0,4.429336968314601e-06
1.0,0.8702154159545898
0.0,2.7187947125639766e-05
0.0,0.7303128242492676
1.0,0.9999996423721313
1.0,0.9999500513076782
1.0,0.9964266419410706
1.0,0.9999951124191284
0.0,8.053276360442396e-06
0.0,1.813128801586572e-05
0.0,0.5208156108856201
0.0,0.3143526315689087
0.0,1.3192722470023455e-08
0.0,5.685903969876449e-10
1.0,0.999840497970581
1.0,0.9999709129333496
1.0,0.0012300671078264713
1.0,0.9999977350234985
0.0,1.1911300816791481e-06
1.0,0.9996978044509888
1.0,1.0
1.0,0.9999749660491943
1.0,1.6802265179194364e-07
1.0,1.0
1.0,0.9999949932098389
1.0,0.9999878406524658
1.0,1.0
0.0,6.846548785688356e-07
1.0,0.07006808370351791
1.0,1.0
0.0,1.5107748367881868e-06
0.0,0.023695500567555428
1.0,0.9999997615814209
0.0,0.9999994039535522
1.0,0.8908448219299316
1.0,8.288053550131735e-07
1.0,0.0022115695755928755
0.0,3.8561245219170814e-07
1.0,1.0
1.0,0.6139921545982361
1.0,0.9999998807907104
0.0,1.0668046343198512e-05
0.0,0.00041816916200332344
0.0,4.4974847696721554e-05
0.0,1.346447064953793e-09
0.0,2.6165098532260345e-08
1.0,1.0
1.0,1.0
0.0,2.4995912895064976e-07
0.0,3.828642958225714e-11
0.0,6.288624732064818e-09
0.0,0.09111958742141724
0.0,5.796743085539902e-10
1.0,0.9999992847442627
1.0,0.9970505237579346
0.0,0.008949755690991879
1.0,0.9999985694885254
1.0,5.733283639508535e-11
0.0,1.6890515949861268e-13
0.0,1.3833187949785497e-05
1.0,0.9999978542327881
0.0,0.0002692711423151195
0.0,6.087471774662845e-06
1.0,1.0
1.0,1.0
0.0,2.1665864551323466e-06
0.0,0.003307454753667116
1.0,0.013123834505677223
1.0,0.9999960660934448
0.0,7.260219769128495e-12
1.0,0.9999982118606567
0.0,3.33744719682727e-06
0.0,8.162490865507022e-13
0.0,8.396852280156963e-08
0.0,2.018432496697642e-05
0.0,0.0011495157377794385
1.0,1.0
1.0,0.9999957084655762
0.0,1.348387377220206e-05
1.0,1.0
1.0,0.9999624490737915
1.0,0.5170738101005554
1.0,0.9999924898147583
0.0,5.564949333347613e-06
1.0,1.0
0.0,7.449916301993653e-05
0.0,0.0009154013823717833
1.0,1.0
0.0,0.00011266172805335373
0.0,2.871392098313663e-06
0.0,1.861367167066419e-07
0.0,8.692386810338348e-10
0.0,1.0550675142440014e-06
1.0,0.999861478805542
0.0,0.0004053764569107443
1.0,7.337040733546019e-05
1.0,3.896903581335209e-05
0.0,7.473990176753986e-11
1.0,0.9999970197677612
0.0,0.016321001574397087
1.0,0.9990696310997009
0.0,0.5625324249267578
1.0,0.9999898672103882
1.0,0.9999990463256836
1.0,0.9999998807907104
1.0,1.0
1.0,0.9999979734420776
1.0,0.9999932050704956
1.0,0.3715488910675049
0.0,0.018912427127361298
1.0,0.9999991655349731
1.0,1.3350155703140132e-10
1.0,0.9999995231628418
0.0,0.9993883371353149
1.0,0.005541743710637093
1.0,1.0
1.0,1.0
1.0,0.9949127435684204
0.0,1.106526156036125e-06
1.0,1.0
1.0,0.9999974966049194
1.0,1.0
0.0,0.5690955519676208
0.0,1.5299841948923643e-10
0.0,3.825547901215032e-05
1.0,0.0012532126856967807
0.0,1.9816701524177915e-07
0.0,2.3245079472378194e-10
0.0,0.9983463287353516
1.0,0.9999853372573853
0.0,0.999916672706604
0.0,0.9877291917800903
0.0,3.349152777332165e-08
0.0,2.5261896741124445e-11
1.0,1.0
0.0,6.65708710378965e-10
1.0,1.0
1.0,0.9986314177513123
0.0,3.9959044784154685e-07
0.0,1.662931390455924e-05
1.0,0.9993777275085449
0.0,5.542390226764837e-07
0.0,2.332510348423966e-06
1.0,0.9999997615814209
0.0,0.9474757313728333
0.0,7.308901928126943e-09
1.0,0.9999977350234985
1.0,1.8727515538330408e-08
1.0,0.9999969005584717
1.0,0.049650680273771286
1.0,0.9999954700469971
1.0,0.9999991655349731
0.0,6.887584731884999e-06
1.0,0.2024356871843338
1.0,0.9999991655349731
1.0,0.9999974966049194
1.0,1.0
1.0,0.9999960660934448
0.0,3.853308498946717e-07
1.0,0.9989797472953796
0.0,0.022626901045441628
0.0,0.00025363254826515913
0.0,0.5926951169967651
0.0,0.36265239119529724
0.0,1.2307302768022055e-06
1.0,0.999992847442627
0.0,0.001025303266942501
0.0,4.654736684983618e-08
1.0,0.9999659061431885
1.0,1.0
0.0,1.5342193364631385e-05
1.0,1.0
1.0,0.9975945353507996
0.0,0.0003641676448751241
0.0,0.00018147345690522343
0.0,0.008609814569354057
1.0,0.9999840259552002
1.0,0.9999935626983643
1.0,0.9999995231628418
0.0,0.022215409204363823
1.0,0.9999997615814209
0.0,6.361345672445395e-09
0.0,0.8002057671546936
0.0,0.5124790668487549
1.0,0.9973117113113403
1.0,0.9996370077133179
1.0,0.9999905824661255
0.0,1.7165666577056982e-07
1.0,0.9999916553497314
0.0,0.9999542236328125
1.0,1.0
1.0,1.0
0.0,0.9999643564224243
1.0,0.9999927282333374
0.0,1.8134675983105808e-09
1.0,0.9999997615814209
0.0,1.0
0.0,2.1237641703919508e-05
1.0,0.01625964231789112
1.0,0.9999998807907104
1.0,1.0
0.0,0.014223802834749222
1.0,1.0
0.0,3.7157801102694066e-07
0.0,0.1076086163520813
1.0,0.9975681900978088
1.0,0.9999991655349731
1.0,0.9999970197677612
0.0,2.857948011580902e-08
1.0,0.9999974966049194
1.0,0.9999990463256836
1.0,0.9999194145202637
0.0,3.413044014077826e-10
0.0,0.0004123039834666997
1.0,0.9650999307632446
0.0,0.999897837638855
0.0,0.0018784826388582587
1.0,0.9999994039535522
0.0,7.404093048535287e-05
0.0,1.801097141651553e-06
0.0,0.9999991655349731
0.0,0.003415637882426381
0.0,4.941876241559839e-09
0.0,0.7475516200065613
0.0,8.690629882401879e-10
1.0,1.0
1.0,1.0
1.0,1.0
1.0,1.0
0.0,0.9999998807907104
0.0,3.9688194952702815e-09
1.0,1.0
0.0,4.797581776294635e-10
0.0,2.1194670463131615e-09
1.0,1.0
1.0,0.9997912049293518
1.0,0.9999969005584717
0.0,2.7471300199977122e-05
1.0,0.998927652835846
0.0,0.9995597004890442
0.0,0.1690555363893509
0.0,5.312784560373984e-05
1.0,0.999998927116394
1.0,1.0
1.0,0.9999964237213135
0.0,1.753685552330353e-08
1.0,0.9999957084655762
0.0,0.0011086087906733155
1.0,0.9999998807907104
0.0,0.9996142387390137
1.0,0.02733059599995613
0.0,3.798288261691596e-08
0.0,0.9999654293060303
0.0,2.1890848508898664e-11
1.0,0.9939339756965637
0.0,1.6542172362812857e-12
1.0,0.9999998807907104
1.0,0.9985095858573914
0.0,2.497013838365092e-06
0.0,0.0009278091602027416
1.0,0.9999905824661255
1.0,0.9999997615814209
1.0,1.0
1.0,0.9999992847442627
1.0,0.9999935626983643
1.0,0.9999990463256836
1.0,0.9998759031295776
1.0,1.0
1.0,1.0
1.0,0.999196469783783
0.0,1.7733170487588268e-10
1.0,0.9097217321395874
0.0,0.03128556162118912
1.0,4.866541348746978e-05
0.0,3.4005343283266683e-18
0.0,0.3535424470901489
0.0,5.7157496485160664e-05
1.0,1.0
1.0,0.9999997615814209
1.0,0.9999997615814209
1.0,0.999997615814209
0.0,0.9888002872467041
0.0,3.6921281587609656e-09
0.0,0.9999971389770508
1.0,1.0
0.0,2.6518244339968078e-05
1.0,0.9778258800506592
0.0,0.0001845711376518011
0.0,0.965542733669281
0.0,1.038567062211504e-11
0.0,5.034534842707217e-05
1.0,0.9999996423721313
0.0,2.0179511002731826e-13
1.0,0.09355024993419647
1.0,0.11432158946990967
1.0,1.293559535042732e-07
1.0,1.0
0.0,0.0050224983133375645
0.0,0.996783971786499
0.0,0.9957053065299988
1.0,0.9999998807907104
1.0,0.011029792949557304
0.0,0.00040324489236809313
0.0,0.00011856594210257754
1.0,0.9999998807907104
1.0,1.0
1.0,0.9999977350234985
0.0,7.612781871557672e-08
0.0,0.10051991790533066
1.0,1.0
0.0,2.515930797031274e-09
0.0,0.0011088717728853226
1.0,0.9999992847442627
1.0,0.00599999725818634
1.0,1.0
1.0,0.9999910593032837
0.0,2.0511206457740627e-06
1.0,1.0
0.0,4.752159554755053e-08
1.0,0.9980568289756775
0.0,0.0025380225852131844
0.0,0.9991325736045837
1.0,0.9999425411224365
0.0,0.00016694223450031132
1.0,0.9999871253967285
1.0,0.9999985694885254
1.0,0.9999988079071045
1.0,0.9999998807907104
0.0,5.299900275590463e-12
1.0,0.9999911785125732
1.0,0.9997995495796204
1.0,1.0
1.0,0.9999969005584717
1.0,0.9999817609786987
1.0,0.9999998807907104
1.0,0.9977084398269653
0.0,7.27701232605682e-11
1.0,0.800626277923584
0.0,1.324158347415505e-07
0.0,0.9947335720062256
1.0,1.0
1.0,0.7968820333480835
1.0,3.6299950352258747e-06
0.0,6.59247396256335e-12
1.0,0.9999856948852539
0.0,0.9982345104217529
0.0,5.057319867773913e-06
1.0,1.0
0.0,0.00013003690401092172
1.0,0.0007328919600695372
0.0,6.392460960569224e-08
1.0,0.9999858140945435
1.0,0.9999997615814209
0.0,0.9998835325241089
0.0,0.000778211688157171
0.0,1.420694934495259e-05
0.0,1.208693447551923e-07
0.0,2.7108461253533278e-08
1.0,0.9999998807907104
1.0,0.976065456867218
0.0,3.8345057684630035e-10
0.0,5.5403004807885736e-05
1.0,0.9999990463256836
1.0,0.9999445676803589
1.0,1.0
1.0,0.999998927116394
1.0,0.9999998807907104
1.0,0.9999991655349731
0.0,0.1018831878900528
1.0,1.0
0.0,0.3439910411834717
0.0,0.01363215409219265
1.0,1.0
0.0,5.736433897340909e-11
1.0,0.9999904632568359
0.0,0.273505836725235
1.0,0.0006401747814379632
1.0,8.250666638787152e-08
0.0,2.2723500023857923e-06
1.0,1.0
1.0,0.9999996423721313
1.0,6.063797854949371e-07
0.0,3.5904188280255767e-06
1.0,1.0
1.0,0.003595496527850628
0.0,3.0204474477102394e-09
1.0,0.9999994039535522
0.0,0.9999998807907104
1.0,5.692424864811585e-10
1.0,1.0
1.0,0.9999727010726929
1.0,0.9999988079071045
1.0,1.0
0.0,3.8958347658990533e-07
0.0,0.0033124256879091263
0.0,8.503375852342288e-07
1.0,1.0
0.0,6.824115494907801e-09
1.0,0.9126178622245789
1.0,1.0
0.0,0.9999676942825317
1.0,2.997518822667189e-05
1.0,1.0
0.0,0.018255900591611862
0.0,0.00011091875057900324
0.0,2.0920560928061604e-06
0.0,0.8091120719909668
1.0,0.9981729984283447
1.0,1.0
1.0,0.9999996423721313
0.0,0.0006084840861149132
0.0,1.7717859464028152e-06
1.0,1.0
0.0,1.0235588071560997e-10
1.0,1.0
1.0,0.9999912977218628
0.0,3.392556013892545e-09
1.0,1.0
0.0,1.0072408462846738e-09
1.0,0.9999998807907104
0.0,2.025417377218841e-12
0.0,0.031709935516119
0.0,1.3193017789348005e-09
0.0,0.9374985098838806
0.0,0.9982373714447021
1.0,0.9989213943481445
0.0,0.901418924331665
1.0,1.0
1.0,1.0
1.0,0.6976397633552551
1.0,1.0
1.0,7.765394798298075e-07
0.0,0.9999966621398926
1.0,0.9999992847442627
0.0,0.001458390150219202
0.0,0.0008631771779619157
0.0,0.019122883677482605
1.0,0.9999997615814209
1.0,0.9999974966049194
1.0,1.0
0.0,5.376845990667789e-08
1.0,6.605685939575778e-06
1.0,0.9999958276748657
1.0,0.00042218193993903697
0.0,8.246949619206134e-06
0.0,2.0875337213510647e-05
1.0,0.999997615814209
1.0,0.9984155893325806
1.0,0.9999997615814209
0.0,7.976483828997516e-08
1.0,0.6094511151313782
1.0,0.9999996423721313
0.0,1.1426724995544646e-05
0.0,1.2433210017093188e-09
0.0,0.0012748452136293054
0.0,7.589940342889179e-10
1.0,0.9999992847442627
0.0,0.04750332236289978
0.0,2.8534801188584424e-09
0.0,0.02019808627665043
1.0,1.0
0.0,6.852748403451958e-12
1.0,1.0
1.0,1.0
1.0,0.9999988079071045
0.0,0.999832034111023
0.0,1.1820416290220237e-07
1.0,0.9428926110267639
1.0,0.048334889113903046
0.0,8.478514418319705e-11
1.0,0.9999868869781494
0.0,1.1630971793324951e-12
1.0,0.9999971389770508
0.0,7.720743155914533e-08
0.0,1.985624989084278e-12
1.0,3.1313646786657046e-07
1.0,0.00019876119040418416
0.0,0.9586973190307617
1.0,1.0
0.0,7.664758072678524e-07
0.0,1.0929143172688782e-06
1.0,0.9999912977218628
1.0,1.0
1.0,0.9999997615814209
0.0,0.88079434633255
1.0,0.09769786894321442
1.0,1.0
0.0,0.9999923706054688
0.0,2.3415391297021415e-06
0.0,1.0681958428904181e-08
0.0,0.006863757967948914
1.0,0.9994718432426453
1.0,0.9999855756759644
1.0,0.9998677968978882
0.0,0.9995487332344055
1.0,1.0
1.0,0.7354243397712708
1.0,1.0
0.0,0.9894021153450012
0.0,1.7091488189180382e-06
0.0,1.4157916439216933e-07
0.0,6.035329180864579e-11
1.0,0.999997615814209
1.0,1.0
0.0,0.999951958656311
0.0,0.18470583856105804
0.0,0.3938012719154358
1.0,0.9973631501197815
1.0,1.0
0.0,0.00023189152125269175
0.0,1.5606634040654654e-10
0.0,4.154111138632288e-06
0.0,0.9486602544784546
0.0,0.00438566692173481
0.0,0.8810756802558899
1.0,1.0
1.0,0.0005421751411631703
1.0,0.5645944476127625
0.0,1.7451503353527187e-08
0.0,0.48768845200538635
1.0,0.9999998807907104
1.0,0.9999997615814209
0.0,0.0009633739246055484
0.0,0.00046378024853765965
0.0,0.7506855726242065
0.0,0.9999725818634033
1.0,1.0
1.0,0.9847248196601868
1.0,0.9986215829849243
1.0,0.9999998807907104
0.0,1.027933363428879e-10
0.0,1.524921458440076e-06
1.0,0.0007570877205580473
0.0,0.0007145872223190963
0.0,8.449628149942434e-12
1.0,0.9999897480010986
1.0,0.9999992847442627
0.0,0.9974270462989807
1.0,0.9999607801437378
1.0,0.9999995231628418
1.0,0.1326591819524765
1.0,0.9999990463256836
1.0,0.9980071187019348
1.0,0.16987138986587524
0.0,9.784734134044015e-10
0.0,4.235024331222803e-09
0.0,0.07542013376951218
1.0,0.8122697472572327
1.0,0.9998134970664978
0.0,1.185857763630338e-05
0.0,0.0002908890601247549
0.0,1.9500203052302822e-06
0.0,1.820924126150203e-06
1.0,0.9999979734420776
1.0,0.9979953765869141
1.0,0.9999992847442627
1.0,1.0
1.0,0.9998506307601929
0.0,6.401889652077331e-13
1.0,0.9999998807907104
1.0,1.0
0.0,2.4905162376853696e-09
0.0,2.904463058950313e-10
0.0,0.0003002815064974129
1.0,0.990562915802002
1.0,1.0
1.0,0.9997230172157288
0.0,1.2505630975212512e-09
0.0,1.0262799150950741e-05
0.0,4.27707608913197e-12
0.0,1.898832653612903e-11
0.0,1.0747850865300279e-05
1.0,0.9912939667701721
0.0,9.38153825700283e-05
1.0,1.0
1.0,0.015807563439011574
0.0,7.147384906147636e-09
0.0,0.9999368190765381
0.0,0.7001789212226868
1.0,1.0
0.0,8.6917651742624e-08
0.0,0.014704946428537369
1.0,0.4962224066257477
1.0,1.0
1.0,0.007453704718500376
1.0,0.9784740805625916
1.0,1.0
1.0,0.9999995231628418
1.0,0.9999985694885254
0.0,6.16983015788719e-08
0.0,2.3058215447235852e-05
0.0,3.7429121135801324e-08
1.0,1.5482589788007317e-07
0.0,2.824729894435052e-10
0.0,0.10545054078102112
0.0,1.346608241581393e-10
1.0,1.0
1.0,1.0
1.0,1.0
0.0,0.019518477842211723
1.0,0.0029425916727632284
0.0,0.020520512014627457
0.0,9.95610753307119e-05
1.0,0.9999388456344604
1.0,1.0
0.0,0.3042278289794922
1.0,0.9998478889465332
0.0,0.9999773502349854
1.0,0.9999245405197144
1.0,0.9999825954437256
1.0,0.9998480081558228
1.0,0.8720007538795471
0.0,5.29782662184175e-09
1.0,1.0
1.0,0.9996943473815918
1.0,7.43766593452877e-12
1.0,0.9999998807907104
0.0,4.232014561011965e-08
0.0,4.320969253512885e-07
0.0,5.3629034546531784e-09
1.0,1.0
1.0,0.9999336004257202
1.0,0.9994161128997803
0.0,7.94865900388686e-06
0.0,0.9912545680999756
0.0,0.9999847412109375
0.0,1.0
1.0,1.0
0.0,2.022974513238296e-05
1.0,0.9999990463256836
0.0,1.558908593324304e-07
1.0,1.0
1.0,0.9999339580535889
1.0,1.0
1.0,0.9999996423721313
1.0,0.992155134677887
0.0,9.503416720235691e-08
1.0,0.9972407817840576
1.0,0.9999268054962158
0.0,0.00012712810712400824
0.0,4.689821447856346e-12
1.0,0.0010960709769278765
1.0,0.0003571032139007002
0.0,0.9327554106712341
1.0,0.9999643564224243
1.0,0.79680335521698
0.0,8.558721731333208e-09
1.0,0.9999779462814331
1.0,0.9922208189964294
1.0,1.0
0.0,7.209469913505018e-06
1.0,0.99991774559021
1.0,0.9999959468841553
1.0,0.6823120713233948
1.0,0.9999994039535522
0.0,0.016475722193717957
0.0,0.999605119228363
0.0,0.04086017608642578
0.0,1.2610643125299248e-06
1.0,0.9997829794883728
0.0,0.002408199245110154
1.0,1.0
1.0,1.0
1.0,0.9999829530715942
1.0,2.9358872779994272e-05
0.0,0.9819351434707642
0.0,0.0015917207347229123
1.0,0.9999998807907104
0.0,1.0
0.0,2.4622583083555583e-08
0.0,0.0004934116150252521
1.0,5.017107822941069e-12
0.0,1.0189475999067277e-11
1.0,1.0
0.0,0.6179570555686951
1.0,0.8457027673721313
0.0,0.9803649187088013
0.0,1.5040876860439312e-05
0.0,0.9127124547958374
0.0,0.9999703168869019
0.0,0.9635754227638245
0.0,0.9996216297149658
0.0,0.998872697353363
1.0,0.003954892512410879
0.0,0.00019430318207014352
1.0,1.0
0.0,0.9987061023712158
0.0,2.8040956749464385e-05
1.0,0.9999998807907104
0.0,1.7988094347387573e-09
0.0,0.12935307621955872
1.0,1.0
1.0,0.9999948740005493
1.0,0.15325850248336792
1.0,1.0
1.0,0.9999991655349731
1.0,1.0
1.0,0.9999978542327881
0.0,0.0729735940694809
0.0,5.687346149585437e-10
1.0,6.540189223525061e-11
1.0,1.0
1.0,0.00025178788928315043
0.0,2.4221156635917396e-08
1.0,8.142803562805057e-05
1.0,0.9999954700469971
0.0,2.4886759726573324e-15
1.0,1.0
0.0,0.9988325238227844
0.0,1.2043453523347125e-07
0.0,1.2912838428746909e-05
1.0,0.9998795986175537
0.0,8.309304633247194e-12
1.0,0.6290436387062073
1.0,0.5839381814002991
1.0,1.0
0.0,6.974984478880231e-10
1.0,1.0
1.0,0.9999819993972778
1.0,0.9999996423721313
0.0,0.9997121691703796
0.0,2.766612851701211e-06
1.0,1.0
0.0,3.888000685292603e-11
0.0,2.4091554607779146e-15
1.0,1.0
0.0,0.9976382255554199
1.0,0.9999886751174927
1.0,1.0
0.0,2.346251221752027e-06
0.0,1.8866636310121976e-05
1.0,3.4051598873929834e-08
0.0,6.023809078214981e-07
1.0,0.9999605417251587
1.0,0.9999998807907104
1.0,0.9999624490737915
0.0,1.0
0.0,2.131623091372603e-07
1.0,0.9999998807907104
0.0,0.0002668511006049812
0.0,2.6634733914926434e-12
1.0,0.6627951264381409
0.0,0.00013461588241625577
1.0,0.9999741315841675
0.0,0.0016751751536503434
0.0,0.9988357424736023
1.0,1.0
1.0,0.23246656358242035
1.0,0.9909937977790833
0.0,0.0017656291602179408
0.0,0.002455846406519413
0.0,5.45380754446434e-11
1.0,1.0
1.0,0.9999653100967407
0.0,1.1494277885049087e-07
0.0,0.00010806708451127633
0.0,0.12214469164609909
0.0,0.00022028497187420726
1.0,1.0
1.0,0.9583443999290466
1.0,0.000488127872813493
0.0,7.896399090157047e-10
1.0,8.065417778091444e-11
0.0,0.0007788226357661188
1.0,0.9999992847442627
1.0,0.00035996612859889865
1.0,0.9994189739227295
1.0,0.9999997615814209
0.0,0.0027952524833381176
0.0,5.92438154090047e-10
0.0,6.963768828427419e-05
1.0,0.9999998807907104
1.0,1.0
1.0,0.9999990463256836
0.0,5.508972833467851e-09
0.0,3.223108251404483e-07
0.0,1.633672582102008e-05
1.0,1.485708708059974e-05
0.0,1.3344536586856748e-09
1.0,0.9984033703804016
1.0,1.0
0.0,2.8744747737619036e-07
1.0,0.9999445676803589
0.0,0.0012718841899186373
1.0,0.9986213445663452
1.0,1.0
1.0,1.0
0.0,1.7351398540199625e-08
0.0,3.467887782493406e-11
0.0,0.999998927116394
0.0,0.0019855438731610775
1.0,1.0
1.0,0.9830254316329956
1.0,0.9999998807907104
0.0,1.730700023472309e-05
1.0,0.9930952191352844
1.0,1.0
1.0,0.9999998807907104
1.0,0.9999982118606567
1.0,0.9999731779098511
1.0,1.0
0.0,0.006867819000035524
0.0,3.054881517527974e-06
0.0,5.574090209847782e-06
1.0,0.6785428524017334
0.0,0.0018034549430012703
1.0,0.9992838501930237
0.0,0.02155795693397522
0.0,2.7565024538489524e-06
0.0,7.189709776866948e-06
1.0,0.998699426651001
0.0,1.0655082860466791e-07
1.0,0.9999996423721313
0.0,1.757481641107006e-06
0.0,2.3614143626615736e-11
1.0,1.0
0.0,1.4765583200571086e-10
0.0,1.0541427730714759e-09
0.0,0.21264390647411346
1.0,0.999875545501709
0.0,0.0010637702653184533
1.0,0.9999947547912598
0.0,1.1272781819116062e-08
0.0,1.3246842627268052e-06
0.0,3.778259497266845e-06
1.0,0.999422550201416
1.0,0.9999115467071533
1.0,0.9827157258987427
0.0,0.0007197287632152438
0.0,0.9964869022369385
1.0,0.202072411775589
1.0,0.8903470635414124
1.0,0.9999901056289673
1.0,0.9999996423721313
0.0,0.9999996423721313
0.0,0.04008295387029648
1.0,4.30958380093216e-09
1.0,0.9999762773513794
1.0,0.9998077750205994
1.0,0.9999785423278809
0.0,7.515357992815552e-06
1.0,2.209323639590366e-07
0.0,6.562909402418882e-05
0.0,0.9329831004142761
0.0,0.9353344440460205
0.0,0.9999662637710571
1.0,0.0031685098074376583
1.0,0.9988310933113098
0.0,0.9867432117462158
0.0,0.00031515854061581194
1.0,1.0
0.0,1.8933554724043233e-09
0.0,0.9269399046897888
1.0,0.6406547427177429
1.0,0.9999998807907104
1.0,1.0
0.0,1.6218747456164806e-09
1.0,0.9999362230300903
0.0,0.016454333439469337
0.0,0.9998852014541626
1.0,0.9697750806808472
0.0,0.0007475554593838751
0.0,0.005299171898514032
0.0,0.025874244049191475
0.0,7.348629151238129e-05
1.0,2.7840410532498083e-10
1.0,0.999997615814209
0.0,0.00011272372648818418
1.0,0.9999997615814209
1.0,0.999805748462677
0.0,3.509808084345423e-05
0.0,7.385193612208241e-08
1.0,1.0
0.0,0.9999501705169678
1.0,0.9999998807907104
1.0,0.9999994039535522
1.0,0.9999996423721313
1.0,0.9999995231628418
0.0,1.5159776012296788e-07
0.0,5.706649730541358e-08
0.0,7.816363358870149e-05
0.0,1.2315580534050241e-05
0.0,1.0923245419292016e-08
1.0,0.003689775476232171
0.0,0.99997878074646
1.0,1.8022461301114845e-10
0.0,3.6640827261180675e-08
1.0,1.0
0.0,3.7527034812967486e-09
1.0,1.0
0.0,0.0017748989630490541
0.0,2.275965904630084e-08
1.0,1.0
0.0,3.949486426790827e-07
0.0,0.9994182586669922
1.0,0.9738367199897766
0.0,0.00035719701554626226
0.0,4.4850012592689836e-10
1.0,0.9999998807907104
0.0,0.0032047401182353497
1.0,0.9999966621398926
1.0,0.9994600415229797
0.0,0.01162303052842617
1.0,0.846410870552063
1.0,0.9999991655349731
1.0,1.218402303493349e-07
0.0,9.377334936289117e-05
1.0,0.9999994039535522
1.0,0.8527119755744934
0.0,2.465234047122067e-06
1.0,2.088482773388023e-07
1.0,0.9996936321258545
1.0,0.9998739957809448
1.0,0.9999886751174927
1.0,0.9850150942802429
0.0,0.45217716693878174
0.0,0.000825463212095201
1.0,1.0
1.0,1.0
0.0,6.011711128905972e-10
1.0,0.9999967813491821
0.0,0.9998637437820435
1.0,0.9999792575836182
1.0,0.9999998807907104
0.0,4.911447604172281e-07
1.0,0.9606575965881348
1.0,0.999937891960144
1.0,1.0
0.0,0.8705891370773315
0.0,2.4135941509295655e-11
1.0,1.0
0.0,9.991326521685551e-08
1.0,0.9928376078605652
1.0,0.9996236562728882
0.0,1.251044182026817e-06
1.0,1.0
0.0,3.623847533162916e-08
0.0,0.014729687012732029
1.0,0.9999953508377075
0.0,7.635210204171017e-05
0.0,2.2137987443215934e-08
1.0,1.0
1.0,0.9999986886978149
1.0,1.0
1.0,0.9996155500411987
0.0,0.03272640332579613
1.0,0.9999992847442627
1.0,0.9992546439170837
0.0,5.559131821541996e-09
0.0,0.3230917155742645
0.0,0.00013066672545392066
0.0,2.278517058584839e-06
0.0,2.6321658186390096e-09
0.0,0.00380386202596128
1.0,1.0
1.0,0.26842939853668213
1.0,0.9999936819076538
0.0,5.0330972029000165e-11
0.0,2.929928522021896e-11
0.0,1.0831280405909638e-07
1.0,1.0
1.0,0.9999995231628418
0.0,0.9999979734420776
1.0,1.7937823448832546e-10
1.0,1.0
1.0,0.9972594976425171
1.0,0.9999972581863403
1.0,0.9999972581863403
0.0,2.1472999160027095e-12
0.0,4.4648459152085707e-07
0.0,2.0967258933524136e-06
1.0,0.561261773109436
0.0,1.55183175337692e-11
1.0,1.377281222403326e-07
1.0,0.5401562452316284
0.0,0.0010923664085566998
0.0,0.9622692465782166
0.0,0.017980407923460007
1.0,0.999555766582489
0.0,0.9585176110267639
1.0,0.9999982118606567
1.0,0.8285458087921143
0.0,0.007325895130634308
0.0,8.260351023636758e-05
1.0,0.004642084240913391
0.0,4.9150600034408853e-08
1.0,1.828822036031852e-07
1.0,0.09225919097661972
0.0,0.9895424842834473
1.0,0.9999994039535522
1.0,0.00229364144615829
0.0,2.594084058671342e-08
0.0,0.009576009586453438
1.0,1.0
1.0,0.9999998807907104
0.0,3.347603972996514e-14
1.0,0.9999977350234985
1.0,0.9999997615814209
1.0,0.9999927282333374
0.0,1.2393739723393082e-07
1.0,0.999993085861206
0.0,2.410451038770134e-08
0.0,0.9999992847442627
0.0,1.6007136309781345e-06
1.0,0.9999594688415527
1.0,0.9999997615814209
0.0,0.7385112047195435
1.0,1.0
1.0,0.9999889135360718
0.0,1.4360929867507366e-07
0.0,0.0037484089843928814
0.0,3.6588410079474443e-10
0.0,1.864837173570777e-07
0.0,1.9411184356936395e-13
1.0,8.219632945838384e-06
0.0,0.2102823704481125
0.0,4.184671276163954e-09
1.0,0.9999998807907104
1.0,0.999963641166687
1.0,1.0
0.0,1.3234908919912414e-06
1.0,1.0
0.0,0.941445529460907
0.0,1.4969477035720047e-07
0.0,4.2529609345365316e-07
0.0,0.0006055598496459424
1.0,0.999998927116394
0.0,5.0309688958805054e-05
0.0,0.9906373620033264
0.0,4.256596639606869e-07
1.0,1.0
1.0,3.069352897000499e-05
1.0,1.0
0.0,7.996946160826468e-11
0.0,1.0
0.0,0.5740782618522644
0.0,8.79743747645989e-05
0.0,1.7741057263265247e-06
0.0,1.0
0.0,2.3816224711481482e-05
0.0,1.2868058181514375e-11
1.0,0.9999998807907104
0.0,0.9979211688041687
0.0,0.9792363047599792
1.0,0.9999411106109619
0.0,1.0291836272102728e-09
1.0,1.0
0.0,0.360109806060791
0.0,7.549574299048345e-09
1.0,1.0
1.0,3.5969612781627802e-06
0.0,3.7285947200871306e-06
0.0,0.012622250244021416
1.0,0.9999985694885254
1.0,1.0
0.0,0.0036698004696518183
1.0,0.9999994039535522
0.0,2.8585512268364255e-07
1.0,0.9999805688858032
0.0,0.3999834358692169
0.0,5.672802581102587e-05
1.0,0.9999998807907104
0.0,8.763267373979033e-07
0.0,1.7370362911606207e-05
1.0,0.9973556995391846
1.0,1.0
0.0,9.723913535708562e-06
1.0,1.8571378177512088e-06
0.0,2.601194353246683e-07
1.0,2.0562617919495096e-06
0.0,1.0315399645577372e-09
0.0,2.0116964734653853e-15
0.0,0.9199827909469604
1.0,7.374754318334453e-07
0.0,1.7239754868114687e-07
1.0,0.999931812286377
0.0,0.9999393224716187
1.0,0.9999980926513672
0.0,1.1307430547446984e-08
1.0,0.9998611211776733
1.0,0.9989147186279297
1.0,0.9999773502349854
0.0,1.7610732427897346e-08
0.0,0.0005290420958772302
1.0,0.9999997615814209
0.0,8.673413685755804e-05
1.0,0.999997615814209
1.0,0.9999997615814209
0.0,0.0003108854580204934
1.0,0.9615745544433594
0.0,3.938213666287993e-08
0.0,4.4407719168582105e-10
1.0,0.9864177703857422
0.0,0.00021037696569692343
1.0,0.44895175099372864
1.0,0.9999997615814209
0.0,3.901000673067756e-05
0.0,0.999325156211853
0.0,0.0001062905284925364
1.0,0.9999997615814209
0.0,0.9997926354408264
1.0,0.999548614025116
1.0,0.000783124181907624
1.0,0.04341943934559822
0.0,0.7194371819496155
0.0,1.0
1.0,0.9999996423721313
1.0,0.9967239499092102
0.0,8.534910193702672e-06
1.0,1.0
1.0,0.9973340034484863
1.0,1.0
0.0,0.9999958276748657
0.0,4.6084132918622345e-05
1.0,0.9999548196792603
0.0,0.06912464648485184
1.0,1.0
0.0,6.8202832270714e-11
1.0,1.0
0.0,6.878608837723732e-05
1.0,2.3458986106561497e-05
1.0,0.9573709964752197
1.0,0.9999998807907104
1.0,0.9999991655349731
0.0,0.00038299959851428866
1.0,0.9999668598175049
1.0,1.0
0.0,2.8665204808930866e-05
0.0,2.8327749532763846e-06
0.0,4.590874169707604e-08
0.0,5.650138690249662e-11
1.0,0.8599268794059753
0.0,0.2537551820278168
1.0,1.0
1.0,1.3406776133706444e-06
1.0,7.54082805087819e-08
1.0,0.9999858140945435
0.0,0.4501735270023346
1.0,0.9999995231628418
1.0,0.9999995231628418
1.0,4.7394419766533247e-07
0.0,0.0016490488778799772
0.0,2.336430952709634e-06
1.0,0.9999991655349731
1.0,0.999993085861206
1.0,1.0
0.0,4.003586073775267e-10
1.0,0.9990153312683105
1.0,1.9196221001660518e-11
1.0,1.0
1.0,0.9967737793922424
1.0,0.9999998807907104
1.0,0.00021724427642766386
1.0,0.9999996423721313
1.0,0.9778656959533691
0.0,8.516631311294987e-08
0.0,0.9985911250114441
1.0,1.0
0.0,9.422715265827719e-07
0.0,6.565751391462982e-05
1.0,0.9999786615371704
1.0,0.9999998807907104
0.0,0.00014952027413528413
1.0,1.0
0.0,2.0181145998776628e-07
0.0,0.4482336640357971
0.0,4.307983658691228e-08
1.0,1.0
0.0,1.6736386896809563e-05
0.0,0.17953665554523468
1.0,0.9999998807907104
0.0,4.59780749224592e-05
0.0,0.00021631851268466562
1.0,0.9999997615814209
0.0,0.9353252649307251
0.0,7.352066688781633e-08
1.0,1.0
0.0,1.0589453576168029e-12
1.0,0.9999873638153076
1.0,0.2926006615161896
0.0,6.876260894017605e-09
0.0,1.5179350043581508e-07
1.0,1.0
1.0,1.0
1.0,0.999962568283081
1.0,1.0
1.0,0.9999949932098389
1.0,1.0
1.0,0.9999995231628418
1.0,0.007404535077512264
1.0,0.9999964237213135
0.0,0.9999908208847046
1.0,0.9999998807907104
1.0,0.9999980926513672
1.0,0.9999991655349731
1.0,2.28810979052696e-08
1.0,0.9999998807907104
0.0,0.00014216481940820813
0.0,0.9949607849121094
1.0,0.9997904896736145
0.0,3.014423555214307e-08
1.0,0.9999996423721313
1.0,0.9999998807907104
0.0,8.492809788762656e-10
1.0,1.0
0.0,7.499203746874628e-08
0.0,0.00017773106810636818
1.0,1.0
0.0,0.0008615119731985033
0.0,7.262141554775781e-09
1.0,0.9997543692588806
1.0,1.0
1.0,0.9999977350234985
0.0,0.9414347410202026
0.0,0.9999696016311646
1.0,0.9999997615814209
1.0,0.9999972581863403
1.0,0.17697499692440033
0.0,4.8551934014540166e-05
1.0,0.9957903027534485
0.0,0.9999946355819702
1.0,0.9998679161071777
0.0,1.8648211153049488e-07
0.0,5.838043807063209e-13
1.0,1.588131817698013e-05
0.0,0.999934196472168
1.0,1.0
0.0,1.0331280009268085e-07
1.0,0.9952816367149353
1.0,0.08286629617214203
1.0,1.0
0.0,6.905376181975953e-08
1.0,0.00010590435704216361
1.0,0.9997667670249939
1.0,0.9999423027038574
1.0,1.0
0.0,0.7112985849380493
1.0,0.917219877243042
1.0,0.9999998807907104
1.0,1.0
1.0,0.4184493124485016
0.0,0.9999738931655884
1.0,1.0
0.0,0.8171119689941406
1.0,2.0490816154961067e-08
0.0,0.9955393671989441
0.0,0.07162600755691528
0.0,2.1874569711144431e-07
0.0,1.57482364926409e-08
1.0,0.9999998807907104
0.0,1.7555164959048852e-05
1.0,0.0018725136760622263
0.0,0.502891480922699
0.0,9.008324468595674e-07
0.0,0.999854326248169
1.0,1.0
1.0,1.0
1.0,0.9978992938995361
1.0,1.0
0.0,0.0028626525308936834
1.0,1.0
1.0,0.9999872446060181
1.0,0.999536395072937
1.0,0.9990806579589844
0.0,0.00043179653584957123
0.0,8.223047243127724e-12
1.0,1.0
1.0,0.019848372787237167
0.0,4.011565033579245e-05
0.0,0.9997894167900085
0.0,3.082537602949742e-08
0.0,2.707374602284318e-11
0.0,0.9813546538352966
0.0,1.0003659554058686e-06
0.0,5.5447003433073405e-08
1.0,1.0
0.0,0.016518529504537582
0.0,2.4594701386604356e-08
1.0,1.0
0.0,0.5086570382118225
0.0,6.064641979719454e-07
0.0,0.9997265934944153
0.0,6.098449745195467e-08
0.0,2.025448608833358e-08
1.0,0.9998997449874878
0.0,0.46206343173980713
0.0,2.310953620703191e-18
0.0,0.0003317890805192292
0.0,0.4347166121006012
1.0,1.0
1.0,1.0
1.0,0.9999996423721313
1.0,1.0
1.0,0.10197710245847702
1.0,1.0
0.0,0.31833162903785706
0.0,0.00046017736895009875
1.0,0.9999840259552002
0.0,9.881792051302796e-10
0.0,0.6953405737876892
0.0,0.1289704293012619
0.0,3.370474587427452e-05
0.0,8.737271350867104e-09
0.0,0.979889988899231
0.0,7.506839039272961e-10
1.0,0.5973802208900452
1.0,0.9223785996437073
1.0,0.9999984502792358
0.0,9.301434147346299e-07
0.0,2.2431522666011006e-05
0.0,6.586654990314855e-07
1.0,1.0
0.0,1.7755388088611102e-12
0.0,0.016092218458652496
1.0,0.9999948740005493
1.0,1.0
0.0,1.243304450326832e-05
0.0,1.0596691926711976e-11
1.0,2.013983202431291e-09
0.0,0.00019657661323435605
0.0,2.2609431198361563e-06
0.0,4.2444580685696565e-06
1.0,0.9999676942825317
0.0,1.0
0.0,3.915556590072811e-06
1.0,0.011647328734397888
0.0,3.7588124279785973e-10
0.0,3.1069480321832543e-10
0.0,1.708553099888377e-05
1.0,0.9999998807907104
0.0,0.9998672008514404
1.0,0.9999998807907104
1.0,0.0007236379897221923
0.0,3.6280042081671127e-08
1.0,0.0013695438392460346
0.0,8.0538470337288e-10
0.0,4.38624908838392e-07
0.0,1.1574468771868851e-05
1.0,0.9998384714126587
1.0,0.9999986886978149
1.0,0.99998939037323
0.0,0.0008645381894893944
0.0,0.9998000264167786
1.0,0.9999812841415405
1.0,0.9967161417007446
1.0,0.2611580193042755
1.0,0.999994158744812
0.0,1.1011836704710731e-06
1.0,0.9999955892562866
1.0,0.9997965693473816
0.0,3.038561069423906e-10
1.0,0.9998689889907837
1.0,0.9999998807907104
0.0,0.0046153892762959
0.0,1.323343212789041e-06
0.0,2.7546165348724116e-09
1.0,0.9999527931213379
0.0,5.869213737241807e-07
0.0,2.6919158457872072e-08
0.0,0.00342610664665699
1.0,0.784015953540802
1.0,0.9999972581863403
1.0,0.9999994039535522
1.0,0.99997878074646
1.0,0.9999914169311523
1.0,1.0
1.0,0.9999997615814209
1.0,0.15685231983661652
1.0,1.0
0.0,7.559660362976839e-13
0.0,3.538074577779694e-14
0.0,6.133769056759775e-05
1.0,0.8309337496757507
0.0,7.033791916910559e-06
0.0,0.00021770420426037163
1.0,5.6684431370968014e-08
1.0,0.9999997615814209
0.0,0.9993440508842468
0.0,7.51358827585924e-13
1.0,1.0
0.0,0.0003715049533639103
0.0,5.045075681664457e-07
0.0,0.9669742584228516
1.0,0.9264066815376282
1.0,1.0
1.0,0.9999920129776001
0.0,1.4828458461124683e-06
0.0,1.8248483835137108e-09
0.0,4.4305778601483325e-07
0.0,2.758235062572112e-08
1.0,0.9999997615814209
0.0,4.584570888255257e-06
0.0,1.431282176111992e-10
1.0,1.0
0.0,0.8930891752243042
1.0,1.0
1.0,0.9999998807907104
0.0,0.0001699250569799915
1.0,1.0
1.0,0.9036495089530945
0.0,2.5074836651484134e-10
0.0,1.9804005546575354e-07
1.0,4.9494239647174254e-05
0.0,6.91863504421325e-13
0.0,7.053236661391793e-09
0.0,0.004787643440067768
0.0,1.963374574032173e-09
1.0,0.9965479969978333
1.0,0.9999959468841553
0.0,7.675059350731317e-06
0.0,0.9328765869140625
0.0,0.004211290739476681
1.0,0.04159490391612053
0.0,1.0
1.0,0.999995231628418
1.0,1.765802131251104e-12
1.0,1.0
1.0,0.004139560740441084
0.0,1.5368508456958807e-06
0.0,2.1554339468821127e-07
1.0,1.0
0.0,0.004791474901139736
0.0,3.228120704079629e-06
0.0,0.9998272061347961
1.0,1.0
0.0,1.7554298292754567e-11
0.0,0.0001943007664522156
1.0,3.796648115894641e-06
0.0,1.5178056034237386e-10
0.0,0.9999486207962036
0.0,1.454897840928466e-14
1.0,0.9993923902511597
0.0,0.22185426950454712
0.0,0.000304239772958681
1.0,0.9999935626983643
1.0,0.9999997615814209
1.0,0.9999997615814209
1.0,0.9999998807907104
0.0,0.1615583300590515
1.0,0.00014000791998114437
1.0,0.9925441741943359
1.0,1.0
1.0,1.0
0.0,7.698986155446619e-05
0.0,1.6694182702892135e-09
0.0,0.9957016110420227
1.0,1.0
0.0,2.406982346769837e-08
0.0,6.215730508074557e-08
0.0,3.3396196918999976e-10
0.0,0.9696648120880127
1.0,0.9999825954437256
0.0,0.9999326467514038
0.0,9.006333456795801e-10
0.0,2.3914116875438894e-14
1.0,0.9991663694381714
1.0,0.6200470328330994
0.0,0.00902030523866415
1.0,0.998250424861908
1.0,1.7934043583522907e-08
0.0,0.000160502502694726
1.0,0.9999992847442627
0.0,4.1994398998213e-06
1.0,3.341953743074555e-06
0.0,1.2390965821396094e-05
1.0,0.9999996423721313
0.0,5.150838478584774e-05
1.0,0.9999960660934448
0.0,1.2553409867166465e-08
1.0,0.9999996423721313
1.0,0.9970224499702454
1.0,0.9999997615814209
1.0,0.9999991655349731
1.0,0.9999969005584717
0.0,0.9938587546348572
1.0,0.999998927116394
1.0,0.9999921321868896
0.0,0.9999960660934448
1.0,0.9999862909317017
0.0,0.9999350309371948
0.0,9.478649189986754e-07
0.0,5.032423473494418e-07
0.0,0.0011426672572270036
1.0,0.9543866515159607
1.0,0.9354016184806824
0.0,0.0008586493786424398
1.0,0.9999182224273682
1.0,0.999998927116394
1.0,0.9643415808677673
1.0,0.8140514492988586
0.0,0.9995170831680298
0.0,2.6788328000293404e-07
0.0,2.5528422611387214e-06
0.0,2.076778287118941e-07
1.0,1.0
0.0,0.32856228947639465
1.0,0.9999978542327881
0.0,1.1552363232691931e-10
0.0,3.618243340497429e-07
0.0,7.814212040102575e-06
0.0,2.9488742256944533e-06
0.0,7.626806564076105e-08
0.0,0.0002770894207060337
0.0,9.241592488251626e-05
1.0,0.02178959548473358
1.0,0.8193898797035217
0.0,7.51185602609894e-09
0.0,5.230311944615096e-05
0.0,1.2725396257573518e-11
0.0,0.9999922513961792
0.0,1.2284596095923916e-07
1.0,1.2354814393766844e-10
1.0,0.9999994039535522
0.0,0.3494889438152313
0.0,0.9455817937850952
0.0,0.6545168161392212
0.0,3.1402020689823154e-15
0.0,0.9989683628082275
0.0,0.9739470481872559
1.0,0.9979704022407532
1.0,1.0
0.0,0.9989537000656128
1.0,0.9991955161094666
0.0,1.930287218954163e-08
0.0,6.435469549614936e-05
0.0,0.0025161299854516983
1.0,0.9999997615814209
1.0,0.003166805487126112
1.0,1.0
0.0,5.9781683376058936e-05
1.0,0.9999995231628418
1.0,0.9998692274093628
0.0,0.00011538613034645095
0.0,2.131685869244393e-05
0.0,7.610113927913886e-11
1.0,1.0
0.0,1.5862262443988584e-05
0.0,0.007388676516711712
1.0,1.0
0.0,1.9186410327165504e-07
0.0,3.320826058583748e-09
1.0,0.9992627501487732
0.0,0.0025569810532033443
0.0,1.3294833252075478e-06
0.0,0.004000741522759199
0.0,1.03056438708303e-13
1.0,1.0
0.0,0.008024266920983791
0.0,3.4634488610407743e-09
0.0,0.0002457279188092798
1.0,0.2541455924510956
1.0,1.0
0.0,4.137964788242243e-05
1.0,1.0
1.0,0.9997395873069763
0.0,1.5003508906374918e-06
0.0,2.5222695026333453e-12
0.0,0.00018537556752562523
1.0,1.0
0.0,0.3131740391254425
1.0,0.9999992847442627
1.0,0.11714130640029907
0.0,3.247084198743089e-11
0.0,0.1660900115966797
0.0,0.00014294248830992728
1.0,0.22388453781604767
1.0,1.0
1.0,0.3828328847885132
1.0,0.9998868703842163
0.0,1.3647767811708622e-12
0.0,0.9736120104789734
0.0,2.112470615101003e-11
0.0,2.5626733986428007e-05
1.0,0.6648111939430237
0.0,0.001974912127479911
0.0,0.9969441294670105
1.0,0.9900270104408264
0.0,0.010838091373443604
1.0,0.9999998807907104
1.0,1.0
0.0,1.2110676350651772e-10
0.0,5.6726605635049054e-08
1.0,0.9999967813491821
1.0,0.9999998807907104
0.0,1.8594352724221608e-09
1.0,0.9983249306678772
1.0,0.9999967813491821
0.0,0.3583068251609802
0.0,0.35690784454345703
1.0,1.0
1.0,1.0
1.0,0.9999997615814209
1.0,0.9903867244720459
0.0,7.590840844784452e-09
1.0,1.0
0.0,0.0006176682072691619
0.0,0.0043471986427903175
1.0,1.3244214187579928e-06
1.0,1.0
1.0,0.13415773212909698
1.0,1.6553811121866602e-07
1.0,0.9999959468841553
1.0,0.9995017051696777
1.0,0.9999995231628418
0.0,0.3729429841041565
1.0,1.0
1.0,0.9999995231628418
1.0,0.0015115200076252222
0.0,0.2651466429233551
0.0,2.078054279763819e-07
1.0,0.999962568283081
1.0,0.9999605417251587
1.0,0.9999947547912598
1.0,0.04879963397979736
1.0,0.09913835674524307
0.0,0.0006426989566534758
1.0,0.9052366614341736
1.0,1.3958706404082477e-06
1.0,0.0028604893013834953
0.0,0.9836320877075195
1.0,0.9999991655349731
1.0,1.0
0.0,0.0033667038660496473
0.0,0.9999914169311523
0.0,3.882511256936283e-10
1.0,1.0
0.0,3.1101528293220326e-05
1.0,0.9998831748962402
1.0,0.990455687046051
1.0,0.11959361284971237
1.0,1.0
1.0,1.0
1.0,1.0
0.0,0.0021723557729274035
1.0,0.9999057054519653
0.0,0.017610475420951843
0.0,0.0004294020473025739
0.0,2.905023211496882e-05
1.0,0.9941571950912476
0.0,0.00021722604287788272
0.0,4.995999915990978e-07
0.0,3.0693367989442777e-06
1.0,0.9998229146003723
0.0,0.1137792095541954
0.0,0.002770876046270132
0.0,2.798760306177428e-06
0.0,1.9466577327875711e-07
1.0,1.0
1.0,1.0
1.0,0.9998190999031067
0.0,2.9821849238942377e-05
1.0,0.980333149433136
0.0,0.8951560258865356
0.0,0.01607031561434269
1.0,1.0
1.0,0.9993763566017151
1.0,0.9999998807907104
1.0,1.0
1.0,8.025261877264711e-07
1.0,0.9999996423721313
0.0,0.016363950446248055
1.0,0.9999423027038574
1.0,0.9999978542327881
1.0,1.0
1.0,0.016320152208209038
0.0,1.2172449714853428e-05
1.0,0.9996210336685181
1.0,1.0
0.0,5.920720468566287e-06
0.0,0.9708181023597717
0.0,8.936100925893697e-08
1.0,1.0
0.0,0.9992789626121521
1.0,0.9999988079071045
0.0,2.4366568140976597e-07
1.0,0.9997357726097107
1.0,0.9894130825996399
0.0,6.386970952121374e-10
0.0,3.822885628324002e-05
0.0,0.6491444706916809
0.0,4.335850012360254e-10
0.0,0.9573715329170227
1.0,0.8792669177055359
0.0,0.9972866773605347
1.0,0.99997878074646
0.0,0.004150935914367437
1.0,0.9912889003753662
0.0,0.950018048286438
0.0,2.2709764380124398e-06
0.0,0.09593353420495987
1.0,1.0
0.0,0.460723876953125
0.0,0.0019558186177164316
1.0,0.9999991655349731
0.0,2.4024413101259023e-12
0.0,0.00015858419646974653
1.0,3.0744146783945325e-07
1.0,0.9999997615814209
1.0,3.784727431309711e-24
0.0,1.2568751799335587e-06
0.0,1.192559921037173e-06
0.0,0.995816171169281
0.0,0.9999969005584717
1.0,0.2187952995300293
1.0,0.9999996423721313
1.0,0.8232236504554749
0.0,5.257878415423564e-14
1.0,0.9989674091339111
1.0,0.9999995231628418
0.0,7.029829589555447e-07
0.0,2.3580587082960847e-07
0.0,6.401301155811723e-10
1.0,0.9999998807907104
1.0,0.9968737363815308
0.0,0.9991132616996765
0.0,1.2607944688269868e-09
0.0,7.82974154844851e-07
1.0,0.9999998807907104
0.0,3.1924302090757806e-10
1.0,1.0
0.0,0.20298157632350922
0.0,4.2872106860158965e-06
0.0,0.3519934415817261
0.0,6.718187796650454e-05
1.0,0.6285275816917419
0.0,0.7407741546630859
1.0,1.0
1.0,0.999996542930603
0.0,0.8627978563308716
1.0,0.9999990463256836
1.0,1.0
1.0,1.0
0.0,0.9999316930770874
0.0,1.6938749292094712e-09
1.0,5.32604826730676e-06
1.0,0.9979105591773987
1.0,0.9586150050163269
1.0,0.9990299940109253
1.0,1.0
1.0,0.9997386336326599
0.0,1.9298547613288974e-06
1.0,1.0
0.0,0.9979096055030823
1.0,0.9999995231628418
0.0,0.9953816533088684
1.0,1.0
1.0,0.9959024786949158
0.0,2.113786649715621e-05
1.0,0.9982975125312805
0.0,1.203172473651648e-06
1.0,0.9999998807907104
1.0,0.9999067783355713
1.0,0.9925472140312195
0.0,0.00038509469595737755
0.0,0.003806826425716281
0.0,3.2813050054869564e-09
1.0,0.8750061392784119
1.0,0.9999998807907104
0.0,9.928257327374013e-08
1.0,0.999998927116394
1.0,0.9999456405639648
0.0,4.4690970923966233e-08
1.0,0.0009487360366620123
0.0,7.551665959226739e-08
1.0,0.9999887943267822
1.0,0.9999526739120483
1.0,0.9999998807907104
1.0,0.9999997615814209
1.0,0.9999998807907104
0.0,0.2748327851295471
0.0,0.9871459007263184
0.0,3.848710093734553e-06
1.0,0.9891300201416016
1.0,0.9999616146087646
0.0,1.3504987350643205e-08
1.0,1.0
1.0,1.0
0.0,0.26335668563842773
1.0,0.9926356673240662
0.0,9.479335538742362e-09
0.0,3.3321898627036717e-06
1.0,0.9999760389328003
0.0,0.0006743238191120327
0.0,5.061400604189359e-11
1.0,0.9991797804832458
0.0,0.9999992847442627
0.0,2.183183944737266e-08
1.0,0.00013692703214474022
1.0,1.0
0.0,4.473674763971758e-09
1.0,0.0007531371666118503
1.0,0.9783838391304016
0.0,6.712743925163522e-05
1.0,0.9999998807907104
1.0,0.9999991655349731
1.0,0.999998927116394
1.0,1.0
1.0,0.9999994039535522
1.0,0.9999964237213135
0.0,3.931215815100586e-07
0.0,0.013538126833736897
0.0,6.3968423690918905e-15
0.0,2.1260176197301917e-07
0.0,0.9993818998336792
0.0,2.8866228603874333e-05
1.0,1.0
1.0,1.0
1.0,0.007957462221384048
0.0,4.867137249675579e-06
0.0,1.2277223682133354e-10
0.0,1.2324534838861756e-12
0.0,0.9999992847442627
1.0,1.0
1.0,1.0
0.0,0.24443675577640533
0.0,1.4419472831473518e-13
0.0,6.313541269648004e-12
1.0,1.0
1.0,0.8954124450683594
1.0,1.0
0.0,9.91486476253911e-11
1.0,1.0
0.0,3.003379447363841e-07
0.0,0.0007404410862363875
1.0,0.9999997615814209
1.0,1.0
1.0,0.00012416555546224117
1.0,1.0
0.0,0.5327338576316833
1.0,0.9999972581863403
1.0,1.0
0.0,5.9025930809752936e-09
0.0,0.023440493270754814
0.0,2.1121461202255887e-07
1.0,1.0
0.0,0.1955634355545044
1.0,1.0
0.0,0.9999006986618042
0.0,0.003324986668303609
1.0,0.9474347233772278
0.0,4.785228884429671e-05
1.0,0.9999188184738159
0.0,5.8729817883906854e-12
0.0,9.742246072363958e-12
0.0,0.0002335748285986483
1.0,0.9945682287216187
1.0,0.9999998807907104
1.0,1.0
0.0,0.0015120086027309299
1.0,1.0
1.0,0.9999996423721313
0.0,1.3063965909054787e-08
1.0,0.9200604557991028
1.0,0.9999995231628418
0.0,2.8748394242938957e-07
0.0,7.26842230847069e-08
1.0,0.9999995231628418
0.0,2.1350531653752114e-07
0.0,2.0812096579447825e-07
0.0,3.7319030070648296e-06
1.0,1.0
1.0,0.9999997615814209
1.0,0.7900651097297668
0.0,5.019414928142396e-08
1.0,0.9999533891677856
0.0,5.598765469793342e-14
1.0,0.9999958276748657
0.0,8.60089039633749e-06
1.0,1.0
0.0,2.387554900451505e-07
0.0,1.4419983074276388e-07
1.0,1.0
0.0,2.1255573301459663e-07
0.0,3.2539009264809238e-09
0.0,0.9766927361488342
0.0,1.4403944078367203e-05
0.0,0.011750069446861744
0.0,0.08208724111318588
0.0,0.41865846514701843
0.0,0.004789026919752359
0.0,3.6642339011107306e-13
1.0,0.9952084422111511
1.0,0.9999983310699463
0.0,1.8410874247365427e-07
1.0,1.0
0.0,2.8142758310423233e-06
0.0,0.00014752331480849534
0.0,5.419647663984506e-08
0.0,2.692056855213565e-10
1.0,0.9999986886978149
0.0,0.20818379521369934
0.0,1.4883015930777788e-09
1.0,1.0
1.0,0.599489688873291
1.0,1.0
1.0,1.0
0.0,0.4431419372558594
0.0,0.05141741782426834
1.0,0.9999470710754395
1.0,0.9999995231628418
0.0,2.9821494536008686e-06
0.0,4.330552305642499e-10
1.0,1.0
1.0,1.0
0.0,2.3254953703144565e-05
0.0,5.342443820666176e-09
0.0,3.255578917560342e-08
0.0,1.9868164058411963e-10
1.0,0.02630007266998291
1.0,0.9504636526107788
1.0,0.9999996423721313
1.0,0.9999972581863403
0.0,1.0
0.0,0.004447228740900755
1.0,0.9999998807907104
1.0,0.9999998807907104
0.0,2.7085136355964323e-09
1.0,0.9999159574508667
0.0,1.0976947351082345e-07
0.0,4.99870679959713e-07
1.0,1.0
0.0,0.994205892086029
1.0,0.999864935874939
1.0,1.0
0.0,9.739437700773124e-09
1.0,6.547108114318689e-06
0.0,0.8825272917747498
0.0,0.9979671835899353
1.0,0.8832721710205078
1.0,0.7020955085754395
1.0,0.9991067051887512
0.0,0.0004510261642280966
0.0,0.0003977875749114901
0.0,5.144330472717229e-08
0.0,0.2784334421157837
1.0,0.9930880665779114
1.0,1.0
0.0,0.00762633653357625
1.0,0.9999997615814209
0.0,9.38974608288845e-06
1.0,0.9999979734420776
0.0,1.0
1.0,0.9999707937240601
0.0,3.812614886555821e-05
1.0,0.9995779395103455
1.0,1.0
0.0,1.1306615366191153e-11
0.0,0.0007221155101433396
0.0,2.0826541175227725e-14
1.0,0.06534318625926971
1.0,0.9932756423950195
1.0,1.0
0.0,0.8935204148292542
0.0,7.90820371427553e-13
0.0,5.036163153171458e-10
0.0,3.7682200400013244e-06
1.0,1.0
1.0,0.9993543028831482
1.0,1.0
1.0,0.9970597624778748
0.0,3.805169720982882e-12
0.0,0.0006614496815018356
0.0,2.1788468984595966e-06
0.0,0.9661579132080078
0.0,6.035023761796765e-05
0.0,1.3226679129729746e-07
1.0,0.9988952875137329
0.0,2.2910183972157938e-08
1.0,1.0
0.0,2.5269826231522075e-09
0.0,0.9627394676208496
1.0,0.9999990463256836
0.0,0.00017066876171156764
1.0,1.0
0.0,0.0007053769659250975
1.0,3.621844371082261e-07
1.0,0.9999998807907104
1.0,0.9999979734420776
0.0,1.9537586126716633e-07
0.0,0.99951171875
0.0,0.7334758043289185
0.0,0.0001381539332214743
1.0,1.0
1.0,1.0
0.0,0.49879539012908936
1.0,1.0
1.0,1.0
0.0,0.02968498505651951
1.0,0.9441313743591309
0.0,2.0703494385543308e-07
1.0,0.9980731010437012
0.0,0.0005951038328930736
0.0,9.789529940462671e-06
1.0,0.9999934434890747
1.0,0.7183413505554199
1.0,0.9999653100967407
1.0,1.0
0.0,4.5743544063725494e-08
1.0,0.32536581158638
1.0,0.9999998807907104
0.0,0.6731210947036743
1.0,0.9999995231628418
0.0,0.34943217039108276
1.0,1.0
1.0,0.9999998807907104
0.0,0.14367155730724335
0.0,0.9992364645004272
0.0,0.024174978956580162
1.0,4.450183769222349e-05
0.0,4.273731519788271e-06
0.0,0.9814631938934326
0.0,0.003578952280804515
1.0,0.9999998807907104
0.0,0.10309294611215591
0.0,4.914174041914521e-06
1.0,1.0
0.0,0.003382014809176326
0.0,0.98569655418396
1.0,0.9999996423721313
0.0,0.00014922856644261628
0.0,0.049109384417533875
0.0,1.6206797226914205e-05
0.0,2.087838538500364e-06
0.0,7.64740647109935e-15
0.0,0.4079066812992096
1.0,1.0
1.0,1.0
1.0,1.0
1.0,0.9999932050704956
1.0,0.011098631657660007
0.0,1.0068287349673799e-11
0.0,0.9998406171798706
1.0,0.9999895095825195
0.0,2.4824897991493344e-05
1.0,0.9999974966049194
1.0,1.0
1.0,7.335725240409374e-05
1.0,0.9999998807907104
0.0,0.9999867677688599
0.0,3.38027416546538e-06
1.0,0.013677077367901802
0.0,0.013521510176360607
0.0,1.3078729921289778e-07
0.0,6.437742049517081e-13
1.0,3.5963130358140916e-06
1.0,0.9999613761901855
1.0,0.9965213537216187
1.0,0.9999995231628418
0.0,0.00012080862506991252
0.0,0.0002645663043949753
1.0,1.0
0.0,0.00036526325857266784
1.0,0.9651731252670288
0.0,0.025198908522725105
0.0,7.93008714250476e-10
0.0,0.9999978542327881
1.0,1.0
1.0,0.9999994039535522
0.0,0.00024099969596136361
0.0,0.9988534450531006
1.0,1.0
0.0,0.8259894847869873
1.0,0.9999997615814209
1.0,1.0
0.0,0.9212815761566162
0.0,3.598807918336888e-09
1.0,0.999997615814209
1.0,9.140706420940337e-12
0.0,2.329962626390625e-06
1.0,0.9997392296791077
0.0,3.2420841307612136e-05
0.0,1.6202528901887447e-11
0.0,0.8946253061294556
0.0,0.00026537777739576995
0.0,1.992269517359091e-06
0.0,4.802105195267359e-06
1.0,0.997297465801239
1.0,0.0022663697600364685
0.0,0.011431592516601086
0.0,0.9999996423721313
1.0,0.9962879419326782
0.0,0.9992351531982422
1.0,1.0
0.0,1.3405290701484773e-05
1.0,0.9999572038650513
0.0,5.759916894021444e-05
0.0,0.0002471482730470598
1.0,1.0
1.0,0.9999819993972778
1.0,0.0006785191944800317
1.0,7.5600405580189545e-06
0.0,1.2258130621667362e-10
0.0,1.4071968035267446e-09
0.0,2.8170319410492084e-09
1.0,0.00017016794299706817
1.0,1.0
1.0,0.9999992847442627
0.0,3.163194506328182e-08
0.0,0.3050120770931244
0.0,8.015202911337838e-05
1.0,0.9999905824661255
0.0,2.965247631436796e-06
1.0,0.9999978542327881
1.0,0.9999998807907104
0.0,0.9674719572067261
0.0,2.3039308416628046e-07
1.0,0.999904990196228
1.0,1.0
0.0,0.9993419051170349
1.0,0.9999996423721313
0.0,2.0336358375061536e-08
1.0,0.999929666519165
1.0,0.9999810457229614
0.0,3.9218542724483996e-07
1.0,0.9999997615814209
1.0,1.0
1.0,0.9999960660934448
1.0,0.0004327028291299939
0.0,9.006020235124979e-11
0.0,3.1471258807869162e-06
1.0,1.0
1.0,0.9999958276748657
0.0,0.0006092291441746056
0.0,0.0008642273023724556
1.0,0.9997994303703308
0.0,0.015618528239428997
1.0,0.9851206541061401
0.0,0.000246979616349563
0.0,1.6603219421540416e-07
0.0,0.9860828518867493
0.0,2.8490113379575632e-08
0.0,9.746424112222485e-09
1.0,0.9900312423706055
1.0,0.9999998807907104
1.0,4.2755909817060456e-05
0.0,7.905967436272476e-07
0.0,4.6253809671270574e-08
1.0,1.0
0.0,0.0031509853433817625
0.0,0.001296455622650683
0.0,2.7423545656546366e-09
1.0,0.010302216745913029
1.0,7.699368143221363e-05
1.0,2.7112291718367487e-05
0.0,0.9999911785125732
1.0,0.7764542102813721
0.0,1.0361620450538567e-09
0.0,0.9999998807907104
0.0,0.9946176409721375
1.0,0.9961351156234741
1.0,0.9999945163726807
1.0,1.5412172160722548e-06
0.0,7.248428079975611e-09
1.0,1.0
1.0,0.003954854793846607
0.0,0.006256014108657837
1.0,0.9844180345535278
0.0,0.00017528567695990205
1.0,0.0004711957008112222
0.0,0.0019492676947265863
0.0,0.9351069927215576
0.0,0.27309295535087585
1.0,0.0002397503994870931
1.0,0.0010227145394310355
0.0,4.0990215666170116e-07
0.0,0.0070580714382231236
0.0,0.0026929753366857767
0.0,9.196760402119253e-06
0.0,8.454092039755778e-07
0.0,3.2582397579972167e-06
1.0,0.9630659818649292
0.0,0.08502428233623505
1.0,0.9999979734420776
1.0,0.018485506996512413
0.0,5.458030116756163e-08
0.0,5.8166293115391454e-08
0.0,0.029697272926568985
0.0,0.8077110052108765
1.0,0.9999955892562866
0.0,7.741739977973339e-07
0.0,1.048538589287773e-08
0.0,3.7751618947368115e-05
1.0,1.0
1.0,0.24430550634860992
1.0,1.0
1.0,0.9999998807907104
0.0,3.433373478856083e-07
0.0,0.9998984336853027
1.0,1.0
1.0,0.954535722732544
1.0,0.9999942779541016
1.0,0.9998743534088135
0.0,0.5580767393112183
1.0,0.9999995231628418
1.0,0.9999985694885254
1.0,0.6263819932937622
0.0,0.9924322366714478
0.0,0.00043065028148703277
0.0,0.9984995126724243
1.0,1.0
1.0,0.9882233738899231
1.0,0.999994158744812
1.0,0.009871807880699635
0.0,0.007631697226315737
0.0,3.50238309465567e-07
1.0,0.9999984502792358
0.0,4.718705440609483e-06
0.0,1.5804693020982086e-07
0.0,2.975299139507115e-05
0.0,0.9979515671730042
0.0,0.0038783890195190907
0.0,0.0003403478767722845
1.0,0.999923586845398
0.0,1.934727515617851e-05
1.0,1.0
1.0,0.9969925880432129
0.0,0.14129620790481567
0.0,5.5724438396964615e-09
0.0,5.4954899297854354e-08
0.0,0.0795992910861969
0.0,0.1680906116962433
0.0,8.690012598400187e-11
1.0,2.79324430252359e-09
1.0,0.00010311647201888263
1.0,0.9999992847442627
1.0,1.0
0.0,0.0018918458372354507
1.0,0.9998214840888977
1.0,0.9999778270721436
0.0,1.837895879930329e-08
1.0,0.9266645908355713
0.0,7.849895337130874e-05
1.0,1.0
0.0,0.0008047796436585486
1.0,0.9999990463256836
0.0,0.002276801969856024
0.0,6.350662442855537e-05
0.0,2.260472200532604e-07
0.0,0.2135915905237198
1.0,1.0
0.0,7.592045108140155e-07
1.0,0.9999905824661255
1.0,1.0
0.0,5.4077391453688506e-09
0.0,0.06866646558046341
1.0,0.8947573900222778
1.0,1.0
1.0,1.0
0.0,0.9999991655349731
1.0,0.9999843835830688
1.0,0.9999985694885254
1.0,1.0
0.0,4.397236352815526e-06
1.0,0.9999858140945435
0.0,3.627319917278186e-15
0.0,1.6788067824791142e-08
1.0,1.0
0.0,0.0004588243318721652
0.0,0.9256756901741028
1.0,0.00023455230984836817
1.0,0.9995924830436707
0.0,0.9999266862869263
1.0,1.0
0.0,7.983207872541698e-09
0.0,0.0003297268121968955
1.0,0.9999994039535522
0.0,0.805789053440094
1.0,0.9999996423721313
0.0,9.706244600238279e-05
1.0,1.0
0.0,5.514370557402337e-11
0.0,3.9412006991312865e-10
0.0,0.0030205301009118557
0.0,5.826739197800634e-07
0.0,0.002060831291601062
0.0,0.5623810291290283
0.0,5.89903348391374e-10
0.0,3.189232344880111e-08
0.0,2.762048922910765e-10
0.0,1.1558533991040676e-10
1.0,0.9830083847045898
0.0,0.1394917517900467
1.0,0.9999994039535522
1.0,1.0
1.0,0.9999998807907104
1.0,0.9310099482536316
0.0,3.417499616631403e-10
0.0,0.00400501536205411
1.0,0.9999998807907104
0.0,1.1691761336862783e-08
1.0,0.9999977350234985
1.0,0.9999995231628418
1.0,0.9991652965545654
0.0,0.3107934594154358
0.0,1.8253331290907227e-08
0.0,2.8841949273328282e-08
1.0,0.9999974966049194
0.0,4.2411694815835954e-12
0.0,0.9967272281646729
1.0,1.0
1.0,2.7584724193729926e-07
1.0,1.0
1.0,0.9999994039535522
1.0,5.544724054895589e-11
1.0,0.9999949932098389
0.0,0.012804700061678886
0.0,0.0012725433334708214
1.0,0.9999995231628418
1.0,0.9999990463256836
1.0,1.0
1.0,6.253957280932809e-07
0.0,1.4089604519540444e-05
0.0,0.8963298201560974
0.0,1.120382933095243e-07
1.0,0.9999722242355347
1.0,0.9999998807907104
0.0,4.2448689782759175e-05
1.0,1.2528649904197664e-06
1.0,1.0
1.0,0.9917048215866089
1.0,0.9999998807907104
1.0,0.9999983310699463
0.0,2.993356974911876e-05
1.0,0.9883280396461487
1.0,0.9957740902900696
1.0,0.9999974966049194
1.0,0.9999998807907104
1.0,0.9999991655349731
1.0,1.0
1.0,0.9980175495147705
1.0,0.9999998807907104
1.0,0.990136444568634
0.0,0.00012773225898854434
1.0,0.9999995231628418
0.0,2.664274632024899e-07
0.0,6.212719654286047e-07
1.0,1.0
0.0,1.4922947599860237e-10
1.0,0.999990701675415
1.0,1.0
1.0,0.9999991655349731
0.0,2.8922027922817506e-05
0.0,5.074515030401017e-08
0.0,1.0
0.0,0.9996261596679688
1.0,1.0
0.0,0.01518971286714077
1.0,0.9999998807907104
1.0,0.9067689180374146
1.0,0.028061997145414352
1.0,5.714922979294101e-10
0.0,4.415979128680192e-05
1.0,0.9999998807907104
1.0,0.9999935626983643
1.0,0.9999639987945557
1.0,0.3144008219242096
0.0,6.634352303080959e-07
0.0,2.057229693264162e-07
1.0,0.9999997615814209
0.0,0.037761472165584564
1.0,0.9999872446060181
0.0,4.220018308842555e-05
0.0,6.728913604092668e-08
1.0,0.9999951124191284
0.0,0.9600108861923218
1.0,0.9707174301147461
1.0,1.0
1.0,1.0
0.0,1.5987115631332927e-08
0.0,1.493901558013988e-09
1.0,1.0
0.0,0.9998571872711182
0.0,1.2148252892529854e-07
1.0,0.9920967817306519
1.0,0.9997397065162659
0.0,2.3200394139166747e-07
0.0,0.9999929666519165
1.0,1.0
0.0,0.0010048365220427513
1.0,0.9999991655349731
1.0,1.0
0.0,0.6154658198356628
1.0,0.9999945163726807
1.0,0.999998927116394
0.0,0.0001410231488989666
0.0,4.0569650416877323e-10
0.0,1.1822296983154956e-05
1.0,0.9999980926513672
1.0,0.999024510383606
1.0,1.0
0.0,4.008778375919064e-08
1.0,0.9999985694885254
0.0,0.9713431596755981
1.0,0.9869568347930908
0.0,0.7739977240562439
0.0,2.5133276536359883e-12
1.0,0.9991862177848816
0.0,0.36103811860084534
0.0,0.9986703395843506
1.0,0.9976806640625
1.0,0.9999998807907104
1.0,0.9732366800308228
0.0,2.8841517632827163e-05
1.0,1.495530881356899e-07
1.0,1.0
0.0,0.00018642919894773513
1.0,1.0
1.0,0.0012890046928077936
0.0,0.20528727769851685
1.0,0.998454213142395
1.0,0.00888701993972063
0.0,5.36445128318519e-08
0.0,1.363631270123733e-07
0.0,0.9912426471710205
1.0,0.9392234086990356
0.0,1.0
1.0,0.9999997615814209
0.0,5.833088380313711e-06
1.0,0.0009487731731496751
1.0,0.9999998807907104
1.0,0.9999891519546509
0.0,0.0024334455374628305
0.0,3.084602440139861e-07
1.0,0.9999996423721313
1.0,0.9999227523803711
0.0,0.9389173984527588
0.0,0.9047479629516602
1.0,0.9999995231628418
1.0,0.9998946189880371
1.0,3.367772660567425e-05
1.0,1.0
1.0,0.9999995231628418
1.0,0.9999703168869019
0.0,0.999985933303833
1.0,0.014057888649404049
0.0,0.009169661439955235
1.0,1.0
0.0,0.0009227677364833653
1.0,0.0027028978802263737
1.0,1.0
0.0,0.7758846282958984
1.0,0.9999995231628418
1.0,0.9999321699142456
0.0,1.1527413334988523e-06
1.0,0.09124362468719482
1.0,0.9999861717224121
1.0,1.0
1.0,0.9956193566322327
0.0,0.0003454688412602991
0.0,4.033884337673044e-11
0.0,0.9814212918281555
0.0,0.0012276441557332873
0.0,0.045090481638908386
0.0,0.9975926280021667
0.0,2.830084629916029e-14
1.0,1.0
0.0,5.041078111389652e-06
0.0,0.00041623765719123185
1.0,1.0
0.0,1.5365269064204767e-05
1.0,1.0
1.0,0.9999974966049194
0.0,6.024306276231073e-05
0.0,0.0006477617425844073
0.0,1.5034474927233532e-06
0.0,0.08744927495718002
0.0,0.9999299049377441
0.0,8.425656954904812e-14
0.0,3.551797789214106e-08
0.0,1.324672848568298e-05
1.0,0.9999685287475586
1.0,0.999996542930603
0.0,0.04968615248799324
1.0,1.2494092516135424e-05
0.0,3.5250816154963616e-10
1.0,0.9997370839118958
1.0,0.9997164607048035
0.0,1.5836898459298254e-10
1.0,1.0
1.0,0.9999256134033203
0.0,0.9888274669647217
1.0,0.9999651908874512
1.0,0.9999861717224121
0.0,9.603394524049236e-09
1.0,0.9999872446060181
1.0,0.9999997615814209
0.0,1.5238079686952233e-09
0.0,9.375404098899143e-13
1.0,1.0
0.0,1.948640829141368e-06
1.0,1.0
0.0,4.865804839937482e-06
1.0,0.1921006590127945
0.0,0.17232559621334076
1.0,1.0
0.0,5.114588219612415e-08
0.0,0.26809874176979065
1.0,1.0
0.0,0.01471075788140297
1.0,0.9999998807907104
1.0,1.0
1.0,0.9999990463256836
1.0,0.999998927116394
1.0,1.0
1.0,8.284077424036695e-09
1.0,0.9999971389770508
0.0,0.9996697902679443
0.0,0.06111297011375427
0.0,1.1630106599991308e-12
0.0,0.9999909400939941
0.0,0.3817174732685089
1.0,1.0
0.0,8.685399848218367e-07
0.0,1.0
1.0,0.007879051379859447
0.0,0.23275640606880188
0.0,0.9932565689086914
1.0,0.9702600240707397
1.0,1.0
0.0,8.222765046639324e-08
0.0,5.627013521802837e-08
1.0,1.0
1.0,0.9999947547912598
0.0,0.0015766661381348968
1.0,1.0
0.0,8.680673402317041e-10
1.0,0.6716120839118958
1.0,1.0
0.0,0.6658896803855896
1.0,0.9952468276023865
0.0,2.6648870061762864e-06
0.0,7.90358512858802e-07
0.0,0.07269567251205444
1.0,0.23854488134384155
0.0,1.6796609259017714e-07
1.0,0.9994444251060486
0.0,0.0007181146065704525
1.0,1.0
1.0,1.0
0.0,0.04170256480574608
1.0,4.33063723903615e-06
1.0,0.9985384941101074
0.0,7.314377512557257e-07
0.0,3.384233764336386e-07
0.0,0.0037708391901105642
1.0,0.9999954700469971
1.0,0.9999711513519287
0.0,5.2870980482566665e-08
1.0,0.9999997615814209
1.0,0.9999954700469971
1.0,0.00011517210077727214
0.0,2.3232368177687757e-13
0.0,1.0
0.0,6.204939495546569e-08
1.0,0.9999991655349731
0.0,0.003880402771756053
1.0,0.9046565890312195
1.0,0.4667932987213135
1.0,8.473339221382048e-06
0.0,0.006742367520928383
1.0,1.0
1.0,1.0
1.0,0.8300176858901978
1.0,0.9999946355819702
1.0,1.0
0.0,2.2072640604164917e-07
1.0,0.9976509213447571
0.0,1.1994884851266125e-17
0.0,7.134329238489556e-11
0.0,1.0804926731111664e-08
0.0,0.0005165892653167248
0.0,2.930868880923754e-10
1.0,0.9833953380584717
1.0,0.9999984502792358
1.0,0.9999992847442627
1.0,1.0
1.0,0.9999996423721313
0.0,0.9228375554084778
1.0,1.0
1.0,0.9732417464256287
0.0,6.4651839437601666e-09
1.0,0.9999991655349731
1.0,0.8602181077003479
0.0,3.3719029488565866e-06
1.0,1.0
0.0,1.5928302010692619e-09
1.0,1.0
1.0,1.0
0.0,5.240581231191754e-06
1.0,0.9999873638153076
1.0,0.0023121973499655724
0.0,0.9999972581863403
1.0,0.9999996423721313
1.0,0.12424352765083313
0.0,4.362567779025994e-06
1.0,0.986244261264801
1.0,0.9761907458305359
1.0,0.9999961853027344
1.0,0.9964015483856201
1.0,0.9999908208847046
0.0,9.85402721198625e-07
1.0,0.9999995231628418
1.0,0.9999998807907104
0.0,1.3397939824244531e-07
1.0,1.0
0.0,1.2039239605243779e-09
0.0,4.611921394825913e-05
0.0,0.9997881054878235
1.0,0.9348258972167969
1.0,1.0
1.0,0.9999997615814209
1.0,0.9985223412513733
1.0,2.98036752610642e-07
0.0,4.1610504104838686e-12
1.0,3.0610086687588023e-10
0.0,0.00047657155664637685
0.0,2.391436160209537e-09
0.0,2.0987454395909877e-13
0.0,8.065426548853338e-09
0.0,0.30301108956336975
0.0,0.909128725528717
1.0,0.9999996423721313
1.0,0.9999837875366211
0.0,0.00030113899265415967
1.0,1.0
1.0,0.4631344676017761
0.0,2.4524074433429632e-06
0.0,5.876388513570419e-06
1.0,0.9999452829360962
0.0,9.382159191773098e-07
0.0,5.772343683929648e-06
0.0,3.751321855816059e-05
1.0,0.0031680141109973192
1.0,1.0
1.0,1.0
0.0,0.000881713698618114
1.0,0.9999996423721313
0.0,0.0015943502075970173
0.0,5.7397254948909904e-08
1.0,0.9999990463256836
0.0,0.00044325602357275784
1.0,0.3009011447429657
1.0,0.9592298269271851
1.0,0.9999997615814209
1.0,0.9387072324752808
1.0,0.20218096673488617
0.0,0.9999995231628418
1.0,0.9999996423721313
0.0,0.9976934790611267
1.0,0.004365948028862476
1.0,0.9999997615814209
1.0,0.9999995231628418
0.0,7.02020333847031e-05
0.0,0.9999785423278809
0.0,0.757978081703186
1.0,0.0006127665983512998
1.0,0.9999998807907104
0.0,0.9692791700363159
0.0,1.2612482578333584e-06
0.0,9.569595249558915e-07
0.0,5.267095912131481e-05
0.0,3.0989342576503986e-06
0.0,0.06749626994132996
0.0,8.96316396392649e-06
0.0,3.354082167561501e-08
1.0,0.9999996423721313
1.0,0.999994158744812
0.0,3.680528538191341e-12
1.0,0.9995156526565552
0.0,0.003198023419827223
1.0,1.0
0.0,0.3716183006763458
1.0,1.0
0.0,2.0420769025406016e-13
0.0,0.999809205532074
1.0,0.9901828169822693
0.0,2.7112189400213538e-06
1.0,1.0
1.0,1.0
1.0,0.9999946355819702
0.0,0.6576199531555176
1.0,0.37095385789871216
1.0,0.9999998807907104
0.0,6.89631352024378e-10
1.0,0.999969482421875
1.0,0.7771915793418884
1.0,1.0
1.0,0.9957677125930786
0.0,0.9999966621398926
1.0,0.9999992847442627
1.0,0.9997090697288513
0.0,4.910737594343573e-09
1.0,0.9960630536079407
1.0,0.9777765274047852
1.0,0.9999996423721313
0.0,7.163998127363014e-12
1.0,1.0
0.0,3.142165724057122e-06
1.0,0.8937988877296448
0.0,2.1962802670277837e-13
0.0,0.0003947061486542225
0.0,0.9959977865219116
1.0,0.9999939203262329
1.0,0.9999326467514038
0.0,1.0
1.0,1.0
1.0,0.9984090924263
0.0,4.274046259055905e-14
1.0,0.9999997615814209
1.0,1.0
0.0,1.0926825000368012e-09
1.0,0.9999852180480957
1.0,0.9999998807907104
1.0,1.0
0.0,1.2272571847660174e-09
1.0,0.9374244213104248
0.0,8.110427529572917e-07
0.0,0.00018480535072740167
1.0,1.0
1.0,0.33011099696159363
0.0,0.001719293650239706
0.0,2.8851493416581775e-10
0.0,0.02777131274342537
1.0,0.9999986886978149
1.0,0.9999226331710815
1.0,0.9999998807907104
1.0,0.9999836683273315
0.0,8.074170182226226e-06
1.0,0.9999997615814209
0.0,0.015410459600389004
1.0,0.9997438788414001
1.0,9.109925591666013e-10
0.0,0.030834104865789413
1.0,4.454497684491798e-05
0.0,1.3523790420855164e-10
0.0,1.0260647513860022e-06
0.0,1.1762529486327735e-16
1.0,1.7925918655237183e-05
1.0,0.0036677559837698936
0.0,8.17085833659803e-07
1.0,0.9999759197235107
1.0,0.9345040321350098
1.0,0.9999998807907104
0.0,4.228858415444847e-06
1.0,0.9996084570884705
0.0,2.0498360342458e-08
0.0,1.829008678452121e-13
0.0,0.003497242694720626
0.0,9.83116387942573e-06
1.0,0.8960694670677185
1.0,1.0
0.0,0.0008617205894552171
1.0,0.9726278781890869
1.0,0.9999979734420776
1.0,1.0
0.0,2.6544158870933643e-08
0.0,0.9998559951782227
1.0,1.0
1.0,0.9946717619895935
0.0,2.91886721015544e-07
0.0,6.285377907033762e-08
1.0,0.9999995231628418
0.0,0.10733815282583237
0.0,0.05821391940116882
1.0,0.9999995231628418
0.0,0.006625035777688026
0.0,0.0005756501923315227
0.0,0.6817447543144226
0.0,0.9283207654953003
0.0,2.364290412515402e-05
1.0,0.9999973773956299
1.0,0.9816931486129761
0.0,0.0431852824985981
0.0,1.7459714740652998e-07
0.0,1.8905713800032586e-11
0.0,0.9979386925697327
1.0,0.9999998807907104
1.0,1.0
0.0,0.9999908208847046
1.0,0.9995757937431335
1.0,0.2331605702638626
0.0,0.9979735016822815
1.0,0.6841157078742981
0.0,7.750573516318582e-09
0.0,0.9996204376220703
0.0,0.06456726789474487
1.0,1.0
0.0,0.9957031607627869
0.0,6.17923797108233e-06
1.0,1.0
0.0,3.016980190295726e-05
1.0,1.0
1.0,0.9999960660934448
1.0,0.9999957084655762
1.0,4.649980951398902e-07
0.0,1.6768025856706004e-09
0.0,2.504279734694137e-07
0.0,8.791659638518468e-05
0.0,3.1172141461865976e-05
1.0,0.9999997615814209
1.0,1.0
0.0,0.00018086901400238276
0.0,3.414083946107205e-11
1.0,5.7817484048428014e-05
0.0,0.5892204642295837
0.0,1.0841366866742863e-11
1.0,1.0
0.0,0.0003840701247099787
1.0,0.9999969005584717
1.0,0.9999657869338989
0.0,3.865144719839009e-07
0.0,2.009033828187512e-09
0.0,0.9972845315933228
1.0,0.3645123243331909
0.0,8.722988241061103e-06
1.0,0.9972851276397705
0.0,8.258332400146173e-07
1.0,1.0
1.0,0.9999984502792358
1.0,0.9999951124191284
0.0,0.5148839950561523
1.0,0.9999998807907104
1.0,1.0
1.0,0.9890023469924927
0.0,2.387309052664932e-07
1.0,1.0
1.0,1.0
0.0,1.6157502419344993e-11
1.0,0.9999998807907104
0.0,0.003647629404440522
0.0,6.37890407233499e-05
1.0,0.061738837510347366
0.0,0.0017855257028713822
1.0,0.9999991655349731
0.0,3.138087478760099e-08
0.0,8.96662641025614e-06
1.0,0.9999779462814331
0.0,0.8507269024848938
0.0,1.5706110457341937e-13
1.0,1.0
0.0,0.07303690910339355
0.0,1.7229936588591954e-08
0.0,1.474777207022271e-07
0.0,1.3280126331949305e-08
0.0,3.162365942444012e-07
0.0,0.9991757273674011
0.0,1.7680569897038367e-08
1.0,0.9999998807907104
1.0,0.9333968162536621
1.0,2.3774342494675693e-08
0.0,1.776363751559984e-05
0.0,2.391282976077491e-07
1.0,0.9999998807907104
0.0,0.8859585523605347
0.0,0.0011730862315744162
1.0,0.9999208450317383
0.0,1.1386315463823848e-06
0.0,0.008802696131169796
1.0,0.9998863935470581
1.0,1.0
1.0,0.9999940395355225
1.0,0.9858251214027405
1.0,1.0
1.0,0.9999858140945435
1.0,1.0
0.0,3.23942894731033e-09
1.0,0.9999992847442627
1.0,1.2241250679778659e-08
1.0,0.996890127658844
0.0,0.9996045231819153
1.0,0.9997255206108093
0.0,0.0009278922807425261
0.0,0.005502425599843264
1.0,0.9997718930244446
1.0,0.9999971389770508
1.0,0.9999984502792358
1.0,0.9999949932098389
0.0,0.999968409538269
1.0,1.0
0.0,6.295694765867665e-05
0.0,0.8704149127006531
1.0,0.9999995231628418
0.0,2.641434848627e-09
0.0,4.3655186345858965e-06
1.0,1.0
0.0,5.115232488606125e-05
0.0,1.4981539564473678e-08
0.0,1.171927832555042e-10
1.0,1.0
0.0,0.9999113082885742
0.0,9.31906218859524e-10
1.0,1.0
1.0,0.0007808993686921895
1.0,0.9999998807907104
1.0,1.0
1.0,1.0
1.0,0.9999996423721313
0.0,6.30018075753469e-06
1.0,0.9999624490737915
0.0,0.0015287124551832676
0.0,6.6589826985818945e-09
1.0,0.9999998807907104
0.0,1.85106296957116e-09
1.0,0.9940034747123718
1.0,1.0
1.0,0.9932916164398193
0.0,8.9017758442278e-11
1.0,1.0
1.0,0.9999997615814209
0.0,0.24520041048526764
0.0,5.271528607408982e-06
0.0,8.615305887360591e-06
0.0,8.055360467551509e-08
0.0,2.7832405976369046e-05
0.0,0.0011090238112956285
0.0,0.0010310477809980512
1.0,0.9999995231628418
1.0,0.9999991655349731
1.0,0.9999994039535522
0.0,2.001137545448728e-06
1.0,0.9999996423721313
1.0,0.9999996423721313
1.0,0.0033621115144342184
0.0,0.0034268067684024572
0.0,8.976473509392235e-06
1.0,1.0
0.0,0.46573972702026367
0.0,0.3769899308681488
1.0,0.9997890591621399
0.0,6.467180355684832e-06
0.0,1.677377804298885e-05
1.0,0.028543762862682343
0.0,0.3467757999897003
0.0,4.200939075771348e-12
0.0,2.2135877131290727e-08
0.0,0.9996300935745239
0.0,3.2803003369163974e-11
0.0,0.9047850966453552
1.0,0.9999992847442627
0.0,0.9999990463256836
1.0,0.9999991655349731
0.0,9.466695175431184e-15
0.0,0.8016923666000366
1.0,0.9999995231628418
0.0,0.00010922450019279495
0.0,0.009829122573137283
0.0,0.9999604225158691
0.0,9.013789963319141e-07
0.0,0.0011924817226827145
1.0,0.9998182654380798
1.0,1.3707093238224388e-08
0.0,0.00022129059652797878
1.0,1.0
0.0,7.825693319318816e-05
0.0,4.830338085071162e-08
0.0,1.0493384252185933e-05
1.0,0.9999998807907104
1.0,0.9999998807907104
1.0,1.0
0.0,4.839818501523041e-08
0.0,3.043278296033236e-09
0.0,0.9597986936569214
0.0,0.11742572486400604
0.0,0.2392946481704712
0.0,1.4465256015228078e-07
0.0,7.847578672226518e-06
0.0,0.016726020723581314
0.0,0.9992928504943848
0.0,1.0067726634588325e-06
0.0,0.013318942859768867
1.0,1.0
0.0,3.6887379906147544e-07
0.0,0.0003842633159365505
1.0,4.357096258900128e-06
1.0,0.9702000617980957
1.0,0.9999998807907104
1.0,0.9999996423721313
1.0,0.9999957084655762
0.0,4.8080483594503676e-08
1.0,0.9968308806419373
1.0,0.9999983310699463
0.0,0.9788928031921387
0.0,0.08676489442586899
0.0,7.064461442496395e-07
1.0,0.9998492002487183
0.0,6.785608661630249e-07
0.0,5.966041953797685e-06
1.0,0.9994553923606873
1.0,1.2030737934765057e-06
0.0,2.577692839622614e-06
0.0,0.00015119857562240213
0.0,1.561365024826955e-05
1.0,1.0
0.0,1.0337282141392734e-09
1.0,1.0
0.0,2.245420319013647e-06
0.0,1.6525686987733934e-06
0.0,4.001614664628228e-11
0.0,0.9999955892562866
1.0,1.0
1.0,1.0
1.0,1.0
0.0,0.00011983648437308148
0.0,7.963230018503964e-05
0.0,1.1257027532352026e-09
1.0,2.3765085643390194e-05
0.0,2.144022204220164e-08
1.0,0.9999985694885254
1.0,0.9999982118606567
1.0,1.0
0.0,0.9990987777709961
1.0,0.9999984502792358
0.0,0.7514976859092712
1.0,0.9999998807907104
0.0,1.729113918713665e-08
0.0,8.06345323844937e-10
0.0,2.633727262946195e-06
0.0,5.247465040270072e-08
0.0,7.2347954294116334e-09
1.0,1.0
1.0,0.09668675810098648
0.0,6.185654419232911e-12
0.0,1.0741825462901033e-05
1.0,0.9985947012901306
0.0,0.3453020453453064
1.0,0.9999998807907104
1.0,1.0
0.0,1.1474937309685629e-05
0.0,1.6376972000742285e-09
0.0,6.1193395595182665e-06
1.0,0.9999998807907104
1.0,1.0
0.0,1.6629399246514964e-11
0.0,4.790013719002673e-09
0.0,3.049867882509716e-05
1.0,0.9999995231628418
1.0,0.062166277319192886
1.0,0.9999998807907104
1.0,0.9888473749160767
1.0,0.999970555305481
0.0,0.00019976399198640138
0.0,0.9970025420188904
0.0,2.92613037800038e-07
1.0,0.9948263764381409
1.0,0.9999998807907104
1.0,1.0
0.0,0.9977946281433105
0.0,0.00012795155635103583
1.0,1.0
1.0,0.9999797344207764
1.0,1.0
1.0,1.0
0.0,1.6008504744036145e-08
1.0,0.037005938589572906
0.0,2.9154556102639617e-08
1.0,1.0
1.0,1.0
1.0,0.0025093129370361567
1.0,0.9999998807907104
1.0,1.0
1.0,0.9999991655349731
0.0,4.28452949563507e-06
0.0,1.588229423532539e-07
0.0,1.6398647062487726e-07
0.0,0.9999983310699463
1.0,0.00035406131064519286
0.0,0.20368799567222595
1.0,6.0525653680088e-06
1.0,0.9999877214431763
0.0,6.7916171818394044e-12
1.0,1.0
0.0,5.268185486784205e-05
0.0,0.5852358341217041
1.0,0.9999998807907104
0.0,9.518718434264883e-05
1.0,7.386062407022109e-06
0.0,0.999998927116394
1.0,0.9999997615814209
0.0,0.9999027252197266
1.0,6.965554522064821e-11
0.0,0.0002107616455759853
0.0,6.53722076471297e-11
0.0,0.016999846324324608
1.0,1.0
1.0,1.0
0.0,0.015002947300672531
1.0,1.0
1.0,0.013066898100078106
1.0,0.998957633972168
1.0,0.9999328851699829
0.0,5.187102942727506e-05
1.0,0.2954648733139038
0.0,4.6908010808977e-10
1.0,0.9999994039535522
1.0,1.0
1.0,1.0
1.0,0.9999781847000122
1.0,2.5200437448802404e-05
0.0,1.1817606718977913e-05
0.0,8.909670157208893e-08
0.0,1.330868286686382e-07
1.0,1.0
0.0,0.0006768371094949543
1.0,1.0
0.0,1.0462431809799e-08
0.0,2.8491797365859384e-08
0.0,0.27266475558280945
0.0,0.0027267313562333584
0.0,2.958289169185946e-09
1.0,1.0
0.0,0.8939844965934753
0.0,9.54441237155379e-09
0.0,3.4140565929874356e-08
1.0,0.9996166229248047
1.0,7.810814395270427e-08
0.0,5.703112401533872e-05
0.0,8.100926788756624e-05
0.0,1.4700480832630092e-09
1.0,0.8240512609481812
0.0,4.481391442823224e-05
1.0,0.979744553565979
1.0,0.7785835862159729
1.0,1.0
1.0,0.9999995231628418
1.0,0.9999977350234985
0.0,8.510869786704234e-11
1.0,0.9778870940208435
0.0,1.0
1.0,0.9999340772628784
1.0,1.0
0.0,0.9983239769935608
1.0,1.0
0.0,1.351195544341266e-10
0.0,0.9753579497337341
0.0,2.1302160035929774e-08
0.0,4.344381352439086e-07
0.0,0.9999994039535522
0.0,1.8547181568351334e-08
1.0,0.003252358641475439
0.0,3.7080159387414824e-08
1.0,0.9924611449241638
0.0,0.6298715472221375
1.0,0.9040824174880981
1.0,0.9999887943267822
1.0,1.0
1.0,0.9999932050704956
1.0,1.1893970622622874e-05
0.0,3.3827234346972546e-08
1.0,0.9999756813049316
0.0,0.9999991655349731
1.0,0.9999946355819702
1.0,0.9999973773956299
1.0,0.8190096616744995
0.0,3.0184100978658535e-06
1.0,0.1217222660779953
0.0,0.0006889812648296356
0.0,1.0502523650757212e-07
1.0,0.9999997615814209
0.0,2.4008425456023552e-12
0.0,3.3369462926202687e-07
0.0,0.06380079686641693
1.0,0.9999996423721313
0.0,2.785768811008893e-05
1.0,0.9921131134033203
0.0,1.758326817480338e-09
1.0,3.741942782653496e-05
1.0,0.9999995231628418
0.0,6.561713962582871e-05
1.0,0.004879546817392111
0.0,0.020898696035146713
1.0,0.0526086650788784
0.0,0.5961081385612488
0.0,7.625942544109421e-06
1.0,0.9999998807907104
0.0,0.0913449376821518
0.0,3.8700312399164716e-10
1.0,1.0
1.0,1.0
1.0,0.023112619295716286
0.0,2.5032356743004414e-10
0.0,5.292284913593903e-05
1.0,0.09406501799821854
0.0,0.8639929890632629
0.0,0.98964524269104
1.0,0.9999998807907104
1.0,0.9999995231628418
1.0,1.0
1.0,0.017746245488524437
1.0,1.0
1.0,1.0
0.0,1.9893648186553037e-06
0.0,3.112410607020166e-10
1.0,1.0
0.0,0.9688137769699097
0.0,0.04655003920197487
1.0,0.9999996423721313
0.0,0.6297690868377686
0.0,0.9960843324661255
1.0,0.9999998807907104
0.0,0.060505788773298264
0.0,3.7845067357711315e-11
0.0,0.047620560973882675
0.0,0.19561541080474854
0.0,2.9699667720706202e-05
1.0,0.9999994039535522
1.0,0.19635367393493652
0.0,4.170453394181095e-06
0.0,4.202694182248168e-12
1.0,3.829884326345123e-11
0.0,0.0006599720800295472
0.0,0.9535750150680542
0.0,0.9998984336853027
0.0,0.0008598315762355924
0.0,0.9999654293060303
1.0,0.9939077496528625
1.0,0.9999990463256836
0.0,8.877385937466897e-09
0.0,6.215433983464136e-12
1.0,0.9999983310699463
0.0,1.0
1.0,2.2999711291049607e-06
1.0,0.9999996423721313
1.0,0.9976403713226318
0.0,0.0006371010676957667
1.0,0.23993545770645142
0.0,3.849777996389747e-10
0.0,6.934270518899055e-11
1.0,0.9999843835830688
1.0,0.9999991655349731
1.0,0.9999977350234985
1.0,0.00823244173079729
0.0,8.778624032856897e-05
0.0,0.025226697325706482
1.0,0.9999990463256836
0.0,2.7054849738306075e-07
0.0,8.461430667239256e-09
0.0,1.4660580518466304e-06
1.0,0.798697829246521
1.0,0.9997677206993103
0.0,0.0002717830357141793
1.0,0.9999998807907104
0.0,5.95319488150281e-11
0.0,0.0023178227711468935
0.0,0.649198591709137
0.0,2.0528356969862216e-07
0.0,9.848758054431528e-06
0.0,6.786793278479308e-07
0.0,0.8612632751464844
1.0,0.9990917444229126
0.0,0.00010999250662280247
0.0,3.439181227804511e-06
1.0,0.46396973729133606
1.0,0.999994158744812
0.0,0.9994219541549683
1.0,0.9999997615814209
1.0,1.0
0.0,6.169429411784222e-07
1.0,0.5010440349578857
0.0,1.8686892872210592e-05
1.0,0.9994547963142395
1.0,0.9954350590705872
0.0,0.0022374228574335575
1.0,0.9996185302734375
1.0,0.9999945163726807
0.0,0.013421963900327682
1.0,0.9998507499694824
1.0,0.0012890311190858483
1.0,1.0
0.0,5.823289583872793e-08
1.0,0.9999377727508545
0.0,3.023691169801168e-05
0.0,2.160252954297448e-08
1.0,4.021094221484667e-11
1.0,0.999997615814209
0.0,0.0008480346878059208
0.0,0.014540271833539009
0.0,0.9812421798706055
1.0,0.999316930770874
1.0,0.961361825466156
1.0,1.0
1.0,0.9742580056190491
0.0,0.9498960375785828
1.0,0.9999849796295166
0.0,1.2351337090876768e-06
0.0,1.4593591913580894e-05
1.0,1.0
0.0,3.485897437371932e-08
1.0,0.9999995231628418
0.0,6.466499371526879e-07
1.0,0.9999998807907104
1.0,2.660532118170522e-06
0.0,1.7624734027776867e-07
0.0,2.8283154733799165e-06
0.0,1.924237267303397e-07
0.0,1.335411003999809e-09
0.0,2.991473735391992e-11
1.0,0.9958829879760742
0.0,0.00020667001081164926
1.0,0.9999725818634033
1.0,0.9991355538368225
0.0,0.009166295640170574
1.0,0.015466762706637383
1.0,0.9289861917495728
0.0,7.745194707808878e-09
0.0,4.682965820679286e-12
1.0,0.9999992847442627
0.0,3.658560260300092e-11
0.0,0.0260289516299963
1.0,4.367188466858352e-06
1.0,0.9999997615814209
1.0,1.0
1.0,0.9999488592147827
0.0,1.4336107856394165e-09
0.0,3.5959963895493274e-08
1.0,0.9999996423721313
0.0,1.2096213808376888e-08
0.0,0.016721371561288834
1.0,0.9999988079071045
1.0,0.9999979734420776
0.0,1.3607467930221162e-10
0.0,0.6020150780677795
1.0,0.18811377882957458
1.0,0.9999997615814209
1.0,0.9998170733451843
0.0,6.417363920263597e-07
0.0,6.650477694589152e-13
1.0,0.9999997615814209
1.0,0.9742645621299744
1.0,0.9999997615814209
0.0,3.9444417176959234e-10
1.0,1.0
1.0,0.9999991655349731
1.0,1.0
1.0,0.9999984502792358
1.0,1.0
1.0,0.013692143373191357
1.0,0.9909121990203857
1.0,0.9946310520172119
1.0,1.0
0.0,0.1258404701948166
0.0,0.4102843105792999
1.0,1.0
1.0,0.9999963045120239
1.0,0.9999998807907104
1.0,0.99998939037323
0.0,3.6217650745129504e-07
0.0,0.005897699389606714
1.0,0.9999988079071045
1.0,0.9999222755432129
0.0,2.5336980797874276e-06
1.0,0.9999352693557739
0.0,8.27924679924763e-08
1.0,0.997416615486145
0.0,0.9267292022705078
0.0,4.022399934910936e-06
1.0,0.0014984279405325651
1.0,0.23945820331573486
0.0,1.0
1.0,1.0
0.0,0.9436171054840088
1.0,0.9985349178314209
1.0,0.9999991655349731
0.0,9.098855002775963e-08
0.0,0.900079071521759
0.0,0.9999986886978149
1.0,0.00660295132547617
1.0,0.9999992847442627
1.0,0.9999957084655762
1.0,0.9958105087280273
0.0,0.002010120078921318
0.0,1.5580956663763246e-11
0.0,3.327698436805804e-07
1.0,0.999777615070343
1.0,0.9998107552528381
1.0,0.9792085289955139
1.0,0.9999998807907104
1.0,0.00016310971113853157
1.0,1.0
1.0,1.0
1.0,1.0
1.0,0.9999986886978149
1.0,0.9999995231628418
0.0,0.00039132710662670434
0.0,0.9999886751174927
0.0,2.4238561309175566e-05
0.0,0.014093794859945774
1.0,0.006732051260769367
0.0,0.9992958307266235
1.0,0.9982447624206543
1.0,1.0
1.0,0.5847985744476318
0.0,0.005997421219944954
0.0,2.9407548444992937e-12
1.0,0.9999867677688599
0.0,0.9999881982803345
1.0,1.0
0.0,7.302846521950457e-11
0.0,0.9514483213424683
0.0,2.2337748362133425e-07
0.0,2.2332418666337617e-05
1.0,0.9999977350234985
0.0,0.960968554019928
0.0,0.007989649660885334
0.0,0.025264514610171318
0.0,2.020130035473855e-10
1.0,0.9985131621360779
1.0,0.999998927116394
0.0,0.9993466734886169
1.0,1.0
1.0,1.0
1.0,1.0
1.0,0.8043580055236816
1.0,1.0
0.0,1.2441643093552557e-07
1.0,0.9999986886978149
0.0,0.0030082103330641985
1.0,0.008413228206336498
1.0,5.356657339916637e-09
0.0,2.8206462957314216e-05
0.0,6.512818231385609e-07
0.0,0.6363787055015564
1.0,0.9999998807907104
1.0,0.1426747441291809
1.0,0.9998571872711182
1.0,0.9999992847442627
1.0,1.6120247497974916e-12
1.0,0.9999998807907104
1.0,0.9999972581863403
0.0,0.002810137113556266
1.0,1.0
1.0,0.9999995231628418
1.0,1.6029050309285253e-10
0.0,1.2691900792560773e-06
1.0,0.9999996423721313
0.0,1.8231610738439485e-05
0.0,0.9999958276748657
0.0,0.00682785315439105
1.0,0.06482751667499542
0.0,2.2092883078528303e-09
1.0,0.7389787435531616
1.0,1.0
1.0,0.9999997615814209
0.0,3.3457658865643225e-10
1.0,1.0
0.0,1.1653127330646385e-05
1.0,3.5757213368015073e-07
0.0,1.0236516345685231e-06
0.0,5.363153468351811e-05
0.0,1.0554535037954338e-05
0.0,1.0
1.0,0.9999997615814209
0.0,1.771392561522589e-07
0.0,1.1255009146893258e-09
1.0,0.9874552488327026
0.0,0.020078716799616814
0.0,0.9999998807907104
1.0,0.999954342842102
1.0,0.9999572038650513
0.0,0.46466368436813354
1.0,0.9996435642242432
0.0,0.0036864355206489563
0.0,0.00017323845531791449
1.0,1.0
1.0,0.9999998807907104
1.0,0.298122376203537
1.0,0.9630419611930847
0.0,2.427357759238191e-10
1.0,0.9999997615814209
0.0,0.06034412607550621
1.0,0.9999974966049194
0.0,0.0016417462611570954
1.0,0.9999948740005493
1.0,1.0
1.0,1.7235655177388898e-12
0.0,9.950758794730064e-06
0.0,4.5779435797754786e-11
1.0,0.9997735619544983
0.0,1.6193958799703978e-05
1.0,0.9999998807907104
1.0,0.9999598264694214
1.0,1.0
1.0,1.0
0.0,4.4739687649064663e-11
1.0,0.9999992847442627
1.0,0.9999977350234985
1.0,1.0
0.0,1.1821678347605918e-13
0.0,4.1630743990994645e-12
1.0,1.0
1.0,7.51850166125223e-07
0.0,0.9718434810638428
0.0,0.9999970197677612
0.0,0.008151625283062458
1.0,1.0
1.0,8.620312291895971e-05
1.0,0.188043475151062
1.0,0.3201768100261688
0.0,0.0028110966086387634
1.0,0.9998886585235596
0.0,1.0136011141526069e-08
0.0,0.9999974966049194
0.0,0.9999593496322632
0.0,0.9999327659606934
0.0,0.0040693762712180614
0.0,0.0019917029421776533
0.0,4.0375811027892894e-10
1.0,5.626066279518227e-09
1.0,1.0
0.0,0.00034793687518686056
1.0,0.9999998807907104
0.0,3.801245611612103e-06
0.0,1.2408042948663933e-06
0.0,5.717479822919813e-08
0.0,0.01471240259706974
0.0,1.8394342760075233e-07
1.0,0.9999966621398926
0.0,5.997509711086479e-10
1.0,0.9999779462814331
1.0,0.9999951124191284
0.0,2.335012140974868e-06
0.0,0.8810195922851562
0.0,0.9999995231628418
0.0,0.202676922082901
1.0,0.9999990463256836
0.0,0.000188678692211397
0.0,1.5343815107371483e-07
1.0,0.9999985694885254
1.0,0.9998977184295654
0.0,5.098624455968093e-07
0.0,3.8771506183366e-07
1.0,0.9999998807907104
1.0,0.9999997615814209
1.0,8.064318990363972e-09
1.0,0.9530084133148193
0.0,0.0011144557502120733
1.0,0.9999140501022339
0.0,0.0004949935246258974
0.0,0.9696028232574463
0.0,0.004839823581278324
1.0,0.9999996423721313
1.0,0.9999542236328125
0.0,4.1665301978355274e-05
0.0,1.0737069260358112e-06
1.0,0.8172225952148438
0.0,6.171306449687108e-05
1.0,0.8975090980529785
0.0,8.638117998671646e-12
1.0,0.00037823780439794064
1.0,0.9999960660934448
0.0,4.317637376516359e-07
0.0,0.00027682402287609875
1.0,7.877632015151903e-06
0.0,0.9999998807907104
1.0,6.6542469312480534e-09
1.0,6.480365688510403e-10
1.0,0.9999998807907104
0.0,1.40119664138183e-05
0.0,0.9973886609077454
0.0,3.987377681369253e-07
0.0,0.0002274715225212276
0.0,3.1345805950877548e-09
1.0,1.1714505490090232e-06
0.0,1.3876876210627831e-11
0.0,7.171821926021948e-05
0.0,0.9996426105499268
1.0,0.004313368815928698
0.0,4.863088013881689e-13
1.0,0.0727798193693161
0.0,0.010792557150125504
0.0,1.9904983616925165e-07
1.0,0.9999995231628418
0.0,5.019289801566629e-06
0.0,0.06314755976200104
1.0,0.8455642461776733
0.0,6.916850980864808e-10
0.0,1.2229750723236066e-07
1.0,0.999998927116394
0.0,5.223956031841226e-05
0.0,4.842843281949172e-06
0.0,1.3752895711149904e-08
1.0,0.0027640394400805235
0.0,4.083589288939038e-08
1.0,1.0
1.0,0.9999998807907104
1.0,1.0
1.0,0.9952265024185181
1.0,0.9999942779541016
0.0,0.03308454528450966
0.0,6.544980529765709e-11
1.0,4.048385449095804e-07
0.0,0.00017539836699143052
0.0,1.3359823469727417e-08
1.0,0.9999995231628418
0.0,9.224362293025479e-05
1.0,0.004399304743856192
0.0,1.021235334519588e-06
1.0,0.9999998807907104
0.0,2.4456412450746257e-09
1.0,1.0
0.0,0.002656587166711688
0.0,0.6802665591239929
1.0,0.9988269209861755
1.0,0.9999998807907104
1.0,0.9999827146530151
1.0,2.524424669303471e-09
1.0,0.9998874664306641
0.0,0.2981418967247009
0.0,4.1167641029460356e-07
0.0,0.0001314717228524387
0.0,0.0379553958773613
1.0,5.957477566820302e-11
1.0,1.0
0.0,0.9996856451034546
1.0,0.9999676942825317
0.0,5.212510956198457e-08
0.0,0.001461086212657392
0.0,7.579394605272682e-06
1.0,0.9999998807907104
0.0,3.607369125635529e-10
0.0,4.924138011119794e-06
0.0,6.658980510110268e-06
1.0,0.9999985694885254
0.0,3.186020558487712e-09
1.0,0.9999995231628418
1.0,1.0
1.0,1.0
0.0,0.005680240225046873
0.0,7.453279522451339e-07
0.0,7.971407561813137e-11
1.0,0.9092919230461121
0.0,1.7939655094778573e-08
0.0,2.9258826472755572e-09
1.0,0.999996542930603
1.0,1.0
1.0,0.9995867609977722
1.0,1.1159057976328768e-05
0.0,1.9948000584690817e-08
0.0,0.010147491469979286
1.0,1.0
1.0,0.999981164932251
0.0,0.03748782351613045
1.0,0.5145021677017212
0.0,1.7109581676777452e-05
0.0,0.0001430395495845005
0.0,2.3098384644981707e-06
0.0,0.0013360138982534409
0.0,0.003439720021560788
1.0,0.9999998807907104
1.0,1.0
0.0,0.9977868795394897
0.0,0.33073511719703674
1.0,0.9999979734420776
1.0,0.22003459930419922
1.0,0.9999995231628418
1.0,0.9999997615814209
0.0,1.7817090025573634e-09
1.0,0.999998927116394
1.0,0.9998815059661865
1.0,1.0
0.0,0.0015772111946716905
0.0,4.40063449786976e-05
1.0,1.0
0.0,0.1862461119890213
0.0,1.7532109950479935e-06
0.0,1.9654538618851802e-07
1.0,0.9999997615814209
0.0,9.714826774143148e-07
1.0,0.9998868703842163
0.0,9.099150588554039e-08
1.0,1.0
0.0,7.921742151140165e-10
0.0,6.731795676451213e-10
0.0,0.3654841482639313
1.0,0.00043762236600741744
1.0,0.9016585946083069
0.0,4.90193860969157e-06
0.0,9.417597175342962e-05
1.0,0.999996542930603
0.0,5.22323489349219e-07
1.0,1.0
1.0,1.0
1.0,9.184584996546619e-06
0.0,7.396188550501392e-08
0.0,0.3424331545829773
0.0,0.022769993171095848
0.0,0.9997472167015076
1.0,0.9999996423721313
1.0,0.9999395608901978
0.0,0.035155776888132095
0.0,0.0003185757959727198
1.0,1.0
0.0,1.7417782771644852e-08
1.0,0.9999998807907104
1.0,0.9999997615814209
0.0,0.005419633816927671
1.0,1.0
1.0,3.326184128127352e-08
0.0,0.003894842928275466
0.0,2.6595262450634927e-14
0.0,2.3392969524138607e-05
1.0,0.9999997615814209
1.0,0.5265691876411438
0.0,0.0013536085607483983
0.0,0.0005323304794728756
1.0,0.09545890986919403
0.0,6.482701451204775e-07
0.0,0.016260473057627678
1.0,0.5905141830444336
1.0,1.0
0.0,5.324033748588253e-12
0.0,0.968062698841095
1.0,0.9999258518218994
0.0,5.753218374593416e-06
1.0,0.000272692006547004
0.0,4.848068994867116e-12
1.0,1.0
0.0,3.0888358537595195e-07
0.0,0.0001041866053128615
0.0,1.240454086155621e-14
1.0,0.9988521337509155
0.0,0.9999998807907104
1.0,0.00046737768570892513
0.0,0.9267533421516418
0.0,6.617186045332346e-06
1.0,1.0
1.0,1.0
0.0,1.9863890088345215e-07
1.0,0.998685896396637
0.0,0.4015999138355255
1.0,0.9999998807907104
1.0,0.9999995231628418
0.0,0.006686124484986067
1.0,1.0
0.0,2.416775004947247e-13
0.0,6.081383840950139e-09
1.0,0.022277744486927986
0.0,6.99187729935602e-09
0.0,3.658856773114394e-09
0.0,0.9999871253967285
0.0,0.9951401948928833
1.0,0.999997615814209
1.0,1.0
0.0,1.2211453202792821e-11
1.0,0.9999680519104004
1.0,0.9976243376731873
1.0,0.9998476505279541
1.0,6.032000499089918e-08
0.0,0.999756395816803
1.0,1.0
0.0,9.777235391084105e-05
1.0,1.0
1.0,1.0
0.0,0.5685531497001648
1.0,0.9947364926338196
1.0,9.187794966229366e-16
1.0,0.6886051893234253
0.0,1.0464741295734825e-09
0.0,1.2127085255997372e-06
0.0,0.9995889067649841
0.0,5.830199434342376e-09
1.0,0.999998927116394
1.0,1.0
1.0,1.0
1.0,0.9999934434890747
1.0,0.9999996423721313
0.0,0.7933744192123413
1.0,6.1178457144706044e-06
0.0,0.6550841927528381
0.0,2.9162677606109355e-08
0.0,0.0001171209805761464
1.0,0.9999538660049438
1.0,0.999889612197876
0.0,0.9999922513961792
0.0,2.1162854579870327e-07
1.0,0.013623226433992386
1.0,0.999996542930603
0.0,0.9918455481529236
1.0,0.9999998807907104
1.0,1.0
1.0,0.0013494092272594571
0.0,4.6149965783115476e-05
1.0,8.671774409663158e-09
1.0,0.9997031092643738
1.0,0.999997615814209
0.0,2.1395700855464383e-07
1.0,0.9999843835830688
1.0,0.9998859167098999
0.0,8.58116511182061e-09
1.0,0.8652202486991882
1.0,0.9999682903289795
0.0,0.07496704906225204
1.0,0.9980735778808594
0.0,0.9409928917884827
1.0,0.002664746018126607
1.0,0.9999978542327881
0.0,0.0007234352524392307
1.0,1.0
1.0,0.9999947547912598
1.0,0.9999997615814209
0.0,0.028566736727952957
1.0,0.999983549118042
0.0,2.812225730064455e-10
0.0,0.9998779296875
0.0,0.015723953023552895
1.0,0.9999651908874512
1.0,0.8879261016845703
0.0,4.0212917440385354e-08
0.0,2.4112521007646492e-11
1.0,0.22155450284481049
0.0,0.0043134200386703014
0.0,2.1573335118318937e-08
1.0,0.9998737573623657
1.0,0.9656506180763245
0.0,2.3119648417946337e-09
0.0,5.505668013938703e-06
0.0,0.9971603155136108
0.0,0.8916671276092529
0.0,0.0018408360192552209
1.0,1.0
1.0,0.9998663663864136
0.0,1.7229050186529093e-08
0.0,2.976527468945278e-07
1.0,0.9963738322257996
0.0,0.0002536323154345155
0.0,1.0828517815753003e-06
1.0,1.0
0.0,0.9989503026008606
0.0,1.7313891986781016e-10
0.0,0.9442256093025208
0.0,1.505701674453519e-09
1.0,1.0
1.0,1.0
0.0,2.9265705961734056e-05
1.0,1.0
0.0,0.021618766710162163
1.0,0.9999033212661743
0.0,2.686044535948895e-05
0.0,5.8696559790405445e-06
0.0,2.2478747041532188e-07
1.0,1.0
0.0,0.15854915976524353
1.0,1.0
0.0,6.6924958908032295e-09
1.0,0.9999992847442627
1.0,0.9865625500679016
1.0,1.0
0.0,2.1175444544496713e-06
1.0,1.0
0.0,9.305283128924202e-06
1.0,0.9999960660934448
0.0,2.075118572975043e-06
0.0,4.982973589306994e-09
1.0,0.9986164569854736
0.0,7.567966235910717e-07
0.0,0.2642899453639984
0.0,2.2333820903774892e-10
1.0,0.9999958276748657
0.0,0.5177690386772156
0.0,0.0001024995362968184
1.0,1.0
0.0,2.2301275409697396e-12
0.0,0.0001011040949379094
1.0,1.0
1.0,1.2347062465778436e-06
1.0,1.0
1.0,1.0008798767557892e-07
0.0,0.7427470684051514
1.0,1.0
1.0,0.9999979734420776
1.0,1.0
0.0,0.4663504958152771
0.0,1.0
0.0,5.492918945214365e-13
1.0,1.0
0.0,3.966908398989055e-11
1.0,0.9999995231628418
0.0,3.57090333864829e-13
0.0,7.464230293408036e-05
1.0,0.9998927116394043
0.0,0.9485495686531067
1.0,6.877349369460717e-05
0.0,2.198560338229072e-07
0.0,1.8242277534472745e-14
0.0,1.1184207693304415e-07
0.0,0.06990870833396912
1.0,0.9999991655349731
1.0,0.000256590690696612
0.0,0.9999504089355469
1.0,0.9999991655349731
1.0,0.9999997615814209
0.0,3.3870421658338534e-12
0.0,0.0004149333108216524
0.0,0.9990049004554749
0.0,0.03973541781306267
0.0,1.6378969291963585e-07
0.0,2.3435382107139802e-11
0.0,1.126892129832413e-06
0.0,2.404743071338089e-08
1.0,0.9916877150535583
0.0,0.9997873902320862
0.0,0.23399044573307037
1.0,0.9999957084655762
1.0,1.0
0.0,0.0012175256852060556
0.0,2.1360772734624334e-05
0.0,1.4814893756209813e-10
0.0,0.0012857744004577398
1.0,0.9999995231628418
1.0,0.9999629259109497
1.0,0.9909181594848633
0.0,3.3195799886698296e-08
1.0,9.79933911793296e-10
1.0,0.9998841285705566
0.0,2.232412033009723e-09
0.0,0.0508122444152832
0.0,4.4962007450521924e-07
0.0,4.2535488319117576e-05
1.0,0.005867057014256716
0.0,2.3591744024997752e-07
0.0,9.82141646090895e-05
0.0,1.8249596905661747e-05
1.0,0.9999985694885254
0.0,0.0003613419539760798
0.0,5.43342082437448e-09
0.0,7.834309373108694e-13
1.0,0.999998927116394
0.0,1.1827858514834588e-07
1.0,1.0
0.0,1.3971683365809895e-08
0.0,0.001800972386263311
0.0,1.9428478026384255e-06
0.0,6.0140613192608e-14
1.0,1.0
1.0,0.9999892711639404
1.0,0.986004650592804
1.0,1.0
0.0,9.636780760047259e-07
0.0,7.748951247776859e-06
0.0,0.9999552965164185
0.0,1.0
0.0,3.828712458187056e-09
0.0,0.9738131761550903
0.0,2.883621341709386e-09
1.0,0.9926965236663818
0.0,0.9978266358375549
1.0,0.9999889135360718
1.0,1.0
0.0,4.548071988463853e-12
1.0,0.9987117052078247
1.0,7.305228791665286e-06
1.0,0.9999982118606567
0.0,6.703348293113365e-11
0.0,2.1650507164849842e-07
1.0,0.9999982118606567
1.0,0.9729222655296326
1.0,4.4421016864859553e-10
1.0,1.0
0.0,0.9999274015426636
1.0,0.6563767790794373
0.0,0.21205106377601624
1.0,0.9999990463256836
0.0,3.575321727566916e-08
1.0,7.85128349889419e-07
0.0,7.638984129698656e-07
1.0,0.9999986886978149
0.0,0.8657980561256409
0.0,7.723041562712751e-06
1.0,0.00012047649943269789
1.0,1.0
1.0,1.0
1.0,0.9999996423721313
0.0,5.435244474938372e-06
1.0,2.211681476183003e-06
1.0,0.9960945248603821
1.0,0.7416974902153015
1.0,0.999277651309967
0.0,0.00022221561812330037
1.0,1.0
0.0,3.5170025225461643e-10
0.0,3.9575088521814905e-06
1.0,0.9999992847442627
1.0,1.0
1.0,1.0
1.0,0.9999996423721313
0.0,1.0034207207354484e-06
1.0,0.999996542930603
0.0,7.990561545767605e-10
0.0,0.00021330751769710332
0.0,2.564071784755262e-12
1.0,0.999785840511322
0.0,0.9907547831535339
1.0,0.995621383190155
1.0,0.9999653100967407
0.0,8.131014084256094e-08
0.0,0.6146107316017151
0.0,3.2203477076109266e-06
1.0,1.0
0.0,0.9999897480010986
0.0,1.5958324439679927e-08
0.0,1.598273593117483e-05
1.0,0.9999998807907104
0.0,5.304952424012299e-07
0.0,0.0019527486292645335
1.0,0.9994373917579651
0.0,0.00013604035484604537
1.0,0.999993085861206
1.0,0.9999998807907104
0.0,3.354677744482615e-07
0.0,0.0072214663960039616
0.0,0.9999887943267822
1.0,0.9999978542327881
0.0,0.003828417044132948
0.0,6.879310315843767e-11
0.0,2.8550111608183215e-08
1.0,0.9996055960655212
1.0,1.0
0.0,7.325303386096493e-08
1.0,0.999997615814209
1.0,4.67746976937633e-05
0.0,2.9909142540418543e-07
0.0,0.999974250793457
0.0,1.204240818175606e-09
1.0,1.0
1.0,1.0
0.0,0.998927891254425
1.0,0.9999998807907104
0.0,0.056164033710956573
0.0,0.0008014746708795428
0.0,0.9903981685638428
0.0,6.351318916131277e-06
0.0,4.92762410431169e-05
1.0,0.9994755387306213
0.0,5.804067313874839e-06
1.0,0.9999864101409912
1.0,0.999995231628418
0.0,0.7945874929428101
0.0,0.9997809529304504
1.0,0.999997615814209
0.0,1.9196020730305463e-05
1.0,1.0
0.0,2.5595054466975853e-05
0.0,0.06269323825836182
1.0,0.9999998807907104
0.0,8.648058980043061e-08
1.0,2.9836752446499304e-07
0.0,3.746227594092488e-05
0.0,0.027742139995098114
1.0,1.0
0.0,0.8161685466766357
1.0,1.0
1.0,0.9999988079071045
0.0,0.9938615560531616
1.0,1.0
1.0,0.9997619986534119
1.0,1.0
1.0,1.4009656545965754e-08
1.0,0.9999240636825562
0.0,0.0002901995903812349
1.0,0.9991493225097656
0.0,0.002557658590376377
0.0,2.9229640858829953e-06
0.0,2.087723416366316e-08
1.0,0.999981164932251
1.0,0.1973526030778885
0.0,0.953620433807373
0.0,0.008050266653299332
1.0,0.9999996423721313
1.0,0.9999967813491821
1.0,0.9999998807907104
1.0,0.9999998807907104
0.0,5.0744770163646535e-08
1.0,0.9996989965438843
0.0,3.66138022678264e-11
1.0,1.0
1.0,1.0
0.0,2.712960300854661e-09
1.0,0.17409193515777588
1.0,1.0
0.0,0.9999977350234985
1.0,0.999998927116394
1.0,0.1352604478597641
0.0,0.049253251403570175
1.0,0.8800901174545288
1.0,0.9999984502792358
1.0,0.9969300627708435
1.0,0.9999972581863403
0.0,4.808613448403776e-05
1.0,0.866375207901001
1.0,1.0
0.0,4.610152103817766e-12
0.0,0.0037947676610201597
0.0,0.12542465329170227
0.0,0.9855526089668274
0.0,0.0011958167888224125
1.0,0.2802329957485199
0.0,3.9643808122491464e-05
1.0,0.9999997615814209
1.0,0.999948263168335
0.0,0.11538680642843246
0.0,0.0001540708908578381
0.0,4.3645688734168797e-13
0.0,0.00011254329001531005
1.0,1.0
1.0,1.0
0.0,0.0008404315449297428
1.0,0.9999992847442627
0.0,0.011579354293644428
0.0,6.494131099543665e-08
1.0,0.9999431371688843
0.0,0.8236604928970337
0.0,0.010561276227235794
1.0,0.9999984502792358
1.0,0.002034879056736827
1.0,0.00010122081584995613
0.0,2.3255317955772625e-06
1.0,0.20550750195980072
0.0,1.0
0.0,0.0006125461659394205
0.0,0.9999970197677612
0.0,5.187461856012883e-14
1.0,1.0
0.0,1.2061953384545632e-05
1.0,1.0
0.0,0.0003054441185668111
0.0,2.1249182968752223e-10
0.0,0.16134847700595856
1.0,0.8420785665512085
0.0,0.0005688146920874715
0.0,1.3425342651821048e-12
1.0,0.9999988079071045
0.0,0.9958611130714417
1.0,0.9999936819076538
0.0,0.00018794627976603806
1.0,2.050108749429569e-09
1.0,0.9999837875366211
0.0,0.011189505457878113
0.0,7.554324388259204e-10
0.0,1.7739903341862373e-05
0.0,2.6173668175033526e-06
1.0,0.0003286839055363089
0.0,0.9999874830245972
0.0,1.0
1.0,0.9989909529685974
0.0,1.1561851736424655e-12
1.0,0.9999997615814209
0.0,6.6225669392849795e-09
1.0,0.9999994039535522
1.0,1.0
0.0,9.923020115820691e-05
1.0,1.0
1.0,1.0
0.0,7.337810529861599e-05
1.0,0.9981641173362732
0.0,0.0006290174787864089
0.0,2.737091904236877e-07
1.0,0.9809138178825378
1.0,0.999990701675415
0.0,0.9999929666519165
0.0,0.04159817472100258
0.0,1.0719659826463612e-07
0.0,0.03856416046619415
0.0,1.2356221645859478e-07
0.0,5.804642877471622e-10
1.0,0.9999992847442627
1.0,1.0
1.0,0.9999974966049194
1.0,0.00541444169357419
0.0,0.03339766710996628
0.0,7.64041268946046e-14
1.0,0.9999998807907104
1.0,0.1487780213356018
1.0,0.9994692206382751
1.0,0.9999678134918213
0.0,2.3730917231290505e-10
0.0,0.010925449430942535
1.0,0.9999973773956299
0.0,3.3811797948146705e-06
0.0,2.047473857125226e-10
0.0,0.008055389858782291
0.0,1.293245788236419e-10
0.0,0.9639080166816711
1.0,0.9998965263366699
0.0,0.00016513251466676593
0.0,2.766349098237697e-06
0.0,0.0156466756016016
0.0,0.3891240954399109
0.0,3.975462732341839e-07
1.0,1.0
1.0,0.9997925162315369
0.0,2.2610256777966242e-08
0.0,8.724275630811462e-07
0.0,2.6871759928326355e-08
1.0,5.488463102665264e-06
1.0,0.9999996423721313
0.0,3.4807387527813205e-10
0.0,5.123825275177296e-08
1.0,0.9780267477035522
0.0,3.914055711484732e-12
1.0,0.9961844086647034
1.0,0.9999905824661255
1.0,0.9999998807907104
1.0,0.48906779289245605
1.0,0.16229623556137085
1.0,0.992661714553833
0.0,0.0001354139531031251
0.0,4.8460723434118336e-08
0.0,0.9439470171928406
1.0,0.03346753120422363
0.0,0.00026766370865516365
1.0,0.9999958276748657
1.0,1.0
0.0,7.937192236795454e-08
1.0,1.0
1.0,0.15694093704223633
0.0,0.0035701224114745855
0.0,0.5458321571350098
1.0,0.9998204112052917
0.0,6.220417930746791e-11
1.0,0.9956021308898926
1.0,0.9996719360351562
1.0,4.3716759101641856e-09
1.0,1.0
1.0,0.9999986886978149
1.0,1.0
1.0,0.999998927116394
0.0,3.1139043130679056e-05
1.0,1.0
1.0,0.9999985694885254
0.0,0.7010388970375061
1.0,0.08557670563459396
1.0,0.025714751332998276
0.0,1.2483530072019463e-14
1.0,0.9999650716781616
1.0,0.9978222846984863
1.0,1.0
0.0,1.1526733345590401e-08
1.0,0.9999854564666748
0.0,8.66015375730611e-13
1.0,1.0
0.0,5.945214806568622e-12
0.0,0.022167308256030083
1.0,0.999996542930603
0.0,2.0711722754640505e-06
0.0,0.9988833069801331
0.0,1.7588685716218855e-11
0.0,0.9999998807907104
1.0,0.029662905260920525
1.0,1.0
0.0,0.00012610644625965506
1.0,3.3294043078058166e-06
0.0,7.937785994727165e-05
0.0,0.9999899864196777
1.0,0.9999891519546509
1.0,0.9995865225791931
0.0,8.558111517231737e-07
1.0,1.0
0.0,0.0002870469761546701
0.0,0.011861992999911308
1.0,0.7049857974052429
1.0,0.9999998807907104
0.0,6.49112819051112e-10
0.0,9.071542081073858e-06
1.0,0.9999990463256836
1.0,0.489183634519577
0.0,5.558201223720971e-07
1.0,0.8573571443557739
1.0,0.999996542930603
1.0,0.9907923936843872
0.0,5.1528648015164435e-08
0.0,6.715739075957572e-10
1.0,0.9950220584869385
1.0,0.9999912977218628
1.0,0.9999996423721313
1.0,0.9999979734420776
1.0,0.17657889425754547
1.0,4.822527444048319e-07
1.0,1.0
1.0,1.0
0.0,8.846862442624115e-08
0.0,0.016531115397810936
1.0,1.0
1.0,0.00016593655163887888
1.0,0.0008971825009211898
1.0,1.0
1.0,0.13393662869930267
0.0,0.012314332649111748
1.0,0.9999992847442627
1.0,0.9999996423721313
1.0,0.09875034540891647
1.0,0.9999998807907104
1.0,0.9999998807907104
1.0,0.9999866485595703
1.0,0.999992847442627
0.0,1.3566690881816612e-08
0.0,1.3879631524105207e-06
0.0,0.033995985984802246
1.0,0.9999954700469971
0.0,0.9650864005088806
1.0,0.3262234032154083
1.0,0.9999998807907104
1.0,1.0
0.0,4.159141099080443e-06
0.0,2.6364705263404176e-05
1.0,0.00012042768503306434
0.0,9.991030674427748e-05
1.0,9.753113872079666e-10
1.0,1.0
0.0,2.043081804004032e-05
1.0,0.9999994039535522
1.0,0.9999815225601196
1.0,1.0
1.0,0.9999980926513672
1.0,0.99946528673172
1.0,0.9931941032409668
0.0,8.225466444855556e-05
1.0,1.0
0.0,1.0
0.0,5.046370574746106e-07
0.0,1.0
0.0,0.041448961943387985
1.0,0.9999978542327881
0.0,0.9999523162841797
1.0,1.3380076779867522e-07
0.0,1.1879990047258815e-10
